손익계산 ID,거래일시,년도,월,일,전표번호,대분류 코드,중분류 코드,소분류 코드,회사명,금액
1,20230103,2023,1월,3일,23011001,매출액,매출액,매출액,본사,12942347
2,20230107,2023,1월,7일,23011002,매출액,매출액,매출액,본사,12673137
3,20230110,2023,1월,10일,23011003,매출액,매출액,매출액,본사,10748228
4,20230112,2023,1월,12일,23011004,매출액,매출액,매출액,본사,9984965
5,20230114,2023,1월,14일,23011005,매출액,매출액,매출액,본사,5091665
6,20230118,2023,1월,18일,23011006,매출액,매출액,매출액,본사,13398407
7,20230120,2023,1월,20일,23011007,매출액,매출액,매출액,본사,8241023
8,20230123,2023,1월,23일,23011008,매출액,매출액,매출액,본사,7434984
9,20230124,2023,1월,24일,23011009,매출액,매출액,매출액,본사,10256872
10,20230127,2023,1월,27일,23011010,매출액,매출액,매출액,본사,13811672
11,20230112,2023,1월,12일,23012011,매출원가,제조인건비,제조인건비,본사,2140688
12,20230115,2023,1월,15일,23012012,매출원가,제조인건비,제조인건비,본사,2383867
13,20230124,2023,1월,24일,23012013,매출원가,제조인건비,제조인건비,본사,3676105
14,20230125,2023,1월,25일,23012014,매출원가,제조인건비,제조인건비,본사,1671919
15,20230116,2023,1월,16일,23012015,매출원가,재료비,재료비,본사,6578165
16,20230120,2023,1월,20일,23012016,매출원가,재료비,재료비,본사,10982129
17,20230123,2023,1월,23일,23012017,매출원가,재료비,재료비,본사,7159055
18,20230128,2023,1월,28일,23012018,매출원가,재료비,재료비,본사,10872760
19,20230102,2023,1월,2일,23012019,매출원가,제조경비,제조경비,본사,1359438
20,20230111,2023,1월,11일,23012020,매출원가,제조경비,제조경비,본사,2581842
21,20230113,2023,1월,13일,23012021,매출원가,제조경비,제조경비,본사,1773963
22,20230121,2023,1월,21일,23012022,매출원가,제조경비,제조경비,본사,2890195
23,20230101,2023,1월,1일,23013023,판매관리비,인건비,인건비,본사,1623350
24,20230105,2023,1월,5일,23013024,판매관리비,인건비,인건비,본사,1721866
25,20230110,2023,1월,10일,23013025,판매관리비,인건비,인건비,본사,2289527
26,20230118,2023,1월,18일,23013026,판매관리비,인건비,인건비,본사,2422055
27,20230101,2023,1월,1일,23013027,판매관리비,판촉비,판촉비,본사,1642771
28,20230105,2023,1월,5일,23013028,판매관리비,판촉비,판촉비,본사,1081213
29,20230118,2023,1월,18일,23013029,판매관리비,판촉비,판촉비,본사,1978637
30,20230127,2023,1월,27일,23013030,판매관리비,판촉비,판촉비,본사,2499311
31,20230102,2023,1월,2일,23013031,판매관리비,감가상각비,감가상각비,본사,1712860
32,20230106,2023,1월,6일,23013032,판매관리비,감가상각비,감가상각비,본사,1985560
33,20230108,2023,1월,8일,23013033,판매관리비,감가상각비,감가상각비,본사,949725
34,20230124,2023,1월,24일,23013034,판매관리비,감가상각비,감가상각비,본사,1837332
35,20230101,2023,1월,1일,23013035,판매관리비,물류비,물류비,본사,939740
36,20230107,2023,1월,7일,23013036,판매관리비,물류비,물류비,본사,1041396
37,20230117,2023,1월,17일,23013037,판매관리비,물류비,물류비,본사,2292936
38,20230127,2023,1월,27일,23013038,판매관리비,물류비,물류비,본사,1481096
39,20230103,2023,1월,3일,23013039,판매관리비,기타판관비,기타판관비,본사,929866
40,20230104,2023,1월,4일,23013040,판매관리비,기타판관비,기타판관비,본사,1076333
41,20230111,2023,1월,11일,23013041,판매관리비,기타판관비,기타판관비,본사,1933897
42,20230125,2023,1월,25일,23013042,판매관리비,기타판관비,기타판관비,본사,1889639
43,20230112,2023,1월,12일,23014043,영외수지,영업외수익,영업외수익,본사,831037
44,20230121,2023,1월,21일,23014044,영외수지,영업외수익,영업외수익,본사,1028670
45,20230123,2023,1월,23일,23014045,영외수지,영업외수익,영업외수익,본사,807443
46,20230126,2023,1월,26일,23014046,영외수지,영업외수익,영업외수익,본사,1128062
47,20230105,2023,1월,5일,23014047,영외수지,영업외손실,영업외손실,본사,876043
48,20230106,2023,1월,6일,23014048,영외수지,영업외손실,영업외손실,본사,1026265
49,20230110,2023,1월,10일,23014049,영외수지,영업외손실,영업외손실,본사,888932
50,20230119,2023,1월,19일,23014050,영외수지,영업외손실,영업외손실,본사,1543391
51,20230201,2023,2월,1일,23021001,매출액,매출액,매출액,본사,14014697
52,20230203,2023,2월,3일,23021002,매출액,매출액,매출액,본사,12093222
53,20230204,2023,2월,4일,23021003,매출액,매출액,매출액,본사,6850546
54,20230208,2023,2월,8일,23021004,매출액,매출액,매출액,본사,8047395
55,20230210,2023,2월,10일,23021005,매출액,매출액,매출액,본사,7036883
56,20230213,2023,2월,13일,23021006,매출액,매출액,매출액,본사,8885240
57,20230220,2023,2월,20일,23021007,매출액,매출액,매출액,본사,9860597
58,20230222,2023,2월,22일,23021008,매출액,매출액,매출액,본사,14210185
59,20230224,2023,2월,24일,23021009,매출액,매출액,매출액,본사,15446873
60,20230228,2023,2월,28일,23021010,매출액,매출액,매출액,본사,15405879
61,20230204,2023,2월,4일,23022011,매출원가,제조인건비,제조인건비,본사,2801819
62,20230205,2023,2월,5일,23022012,매출원가,제조인건비,제조인건비,본사,2034966
63,20230206,2023,2월,6일,23022013,매출원가,제조인건비,제조인건비,본사,3585372
64,20230218,2023,2월,18일,23022014,매출원가,제조인건비,제조인건비,본사,2309779
65,20230209,2023,2월,9일,23022015,매출원가,재료비,재료비,본사,12512775
66,20230217,2023,2월,17일,23022016,매출원가,재료비,재료비,본사,7945133
67,20230224,2023,2월,24일,23022017,매출원가,재료비,재료비,본사,11020900
68,20230225,2023,2월,25일,23022018,매출원가,재료비,재료비,본사,8861467
69,20230213,2023,2월,13일,23022019,매출원가,제조경비,제조경비,본사,2802178
70,20230221,2023,2월,21일,23022020,매출원가,제조경비,제조경비,본사,2284422
71,20230225,2023,2월,25일,23022021,매출원가,제조경비,제조경비,본사,1762873
72,20230228,2023,2월,28일,23022022,매출원가,제조경비,제조경비,본사,2659069
73,20230201,2023,2월,1일,23023023,판매관리비,인건비,인건비,본사,2178455
74,20230219,2023,2월,19일,23023024,판매관리비,인건비,인건비,본사,1908945
75,20230221,2023,2월,21일,23023025,판매관리비,인건비,인건비,본사,1588747
76,20230224,2023,2월,24일,23023026,판매관리비,인건비,인건비,본사,2358970
77,20230201,2023,2월,1일,23023027,판매관리비,판촉비,판촉비,본사,1020540
78,20230205,2023,2월,5일,23023028,판매관리비,판촉비,판촉비,본사,1919896
79,20230212,2023,2월,12일,23023029,판매관리비,판촉비,판촉비,본사,2965540
80,20230218,2023,2월,18일,23023030,판매관리비,판촉비,판촉비,본사,1496223
81,20230201,2023,2월,1일,23023031,판매관리비,감가상각비,감가상각비,본사,1913146
82,20230209,2023,2월,9일,23023032,판매관리비,감가상각비,감가상각비,본사,1336797
83,20230212,2023,2월,12일,23023033,판매관리비,감가상각비,감가상각비,본사,1642734
84,20230217,2023,2월,17일,23023034,판매관리비,감가상각비,감가상각비,본사,1544237
85,20230204,2023,2월,4일,23023035,판매관리비,물류비,물류비,본사,1712278
86,20230205,2023,2월,5일,23023036,판매관리비,물류비,물류비,본사,829397
87,20230209,2023,2월,9일,23023037,판매관리비,물류비,물류비,본사,1879138
88,20230210,2023,2월,10일,23023038,판매관리비,물류비,물류비,본사,1448884
89,20230203,2023,2월,3일,23023039,판매관리비,기타판관비,기타판관비,본사,1225333
90,20230206,2023,2월,6일,23023040,판매관리비,기타판관비,기타판관비,본사,731706
91,20230208,2023,2월,8일,23023041,판매관리비,기타판관비,기타판관비,본사,1700565
92,20230218,2023,2월,18일,23023042,판매관리비,기타판관비,기타판관비,본사,1616002
93,20230202,2023,2월,2일,23024043,영외수지,영업외수익,영업외수익,본사,676345
94,20230203,2023,2월,3일,23024044,영외수지,영업외수익,영업외수익,본사,985965
95,20230205,2023,2월,5일,23024045,영외수지,영업외수익,영업외수익,본사,932856
96,20230207,2023,2월,7일,23024046,영외수지,영업외수익,영업외수익,본사,948740
97,20230201,2023,2월,1일,23024047,영외수지,영업외손실,영업외손실,본사,1190855
98,20230220,2023,2월,20일,23024048,영외수지,영업외손실,영업외손실,본사,639653
99,20230221,2023,2월,21일,23024049,영외수지,영업외손실,영업외손실,본사,995738
100,20230225,2023,2월,25일,23024050,영외수지,영업외손실,영업외손실,본사,492911
101,20230301,2023,3월,1일,23031001,매출액,매출액,매출액,본사,10114190
102,20230303,2023,3월,3일,23031002,매출액,매출액,매출액,본사,11546018
103,20230312,2023,3월,12일,23031003,매출액,매출액,매출액,본사,10953503
104,20230313,2023,3월,13일,23031004,매출액,매출액,매출액,본사,9802759
105,20230315,2023,3월,15일,23031005,매출액,매출액,매출액,본사,10751101
106,20230317,2023,3월,17일,23031006,매출액,매출액,매출액,본사,10299149
107,20230318,2023,3월,18일,23031007,매출액,매출액,매출액,본사,9434227
108,20230323,2023,3월,23일,23031008,매출액,매출액,매출액,본사,11741153
109,20230324,2023,3월,24일,23031009,매출액,매출액,매출액,본사,13349338
110,20230327,2023,3월,27일,23031010,매출액,매출액,매출액,본사,12718724
111,20230311,2023,3월,11일,23032011,매출원가,제조인건비,제조인건비,본사,3438324
112,20230315,2023,3월,15일,23032012,매출원가,제조인건비,제조인건비,본사,3366313
113,20230324,2023,3월,24일,23032013,매출원가,제조인건비,제조인건비,본사,1454717
114,20230325,2023,3월,25일,23032014,매출원가,제조인건비,제조인건비,본사,2222407
115,20230301,2023,3월,1일,23032015,매출원가,재료비,재료비,본사,12219439
116,20230305,2023,3월,5일,23032016,매출원가,재료비,재료비,본사,9667822
117,20230325,2023,3월,25일,23032017,매출원가,재료비,재료비,본사,9631747
118,20230326,2023,3월,26일,23032018,매출원가,재료비,재료비,본사,10364463
119,20230301,2023,3월,1일,23032019,매출원가,제조경비,제조경비,본사,2779615
120,20230311,2023,3월,11일,23032020,매출원가,제조경비,제조경비,본사,2828707
121,20230321,2023,3월,21일,23032021,매출원가,제조경비,제조경비,본사,1487216
122,20230323,2023,3월,23일,23032022,매출원가,제조경비,제조경비,본사,2782810
123,20230309,2023,3월,9일,23033023,판매관리비,인건비,인건비,본사,2076888
124,20230310,2023,3월,10일,23033024,판매관리비,인건비,인건비,본사,1550883
125,20230311,2023,3월,11일,23033025,판매관리비,인건비,인건비,본사,2195067
126,20230328,2023,3월,28일,23033026,판매관리비,인건비,인건비,본사,1967931
127,20230303,2023,3월,3일,23033027,판매관리비,판촉비,판촉비,본사,1527239
128,20230306,2023,3월,6일,23033028,판매관리비,판촉비,판촉비,본사,2217581
129,20230315,2023,3월,15일,23033029,판매관리비,판촉비,판촉비,본사,1322617
130,20230324,2023,3월,24일,23033030,판매관리비,판촉비,판촉비,본사,1445964
131,20230303,2023,3월,3일,23033031,판매관리비,감가상각비,감가상각비,본사,2079936
132,20230311,2023,3월,11일,23033032,판매관리비,감가상각비,감가상각비,본사,1714180
133,20230313,2023,3월,13일,23033033,판매관리비,감가상각비,감가상각비,본사,957748
134,20230327,2023,3월,27일,23033034,판매관리비,감가상각비,감가상각비,본사,1859787
135,20230315,2023,3월,15일,23033035,판매관리비,물류비,물류비,본사,1922981
136,20230318,2023,3월,18일,23033036,판매관리비,물류비,물류비,본사,1523382
137,20230322,2023,3월,22일,23033037,판매관리비,물류비,물류비,본사,1783884
138,20230324,2023,3월,24일,23033038,판매관리비,물류비,물류비,본사,1128730
139,20230303,2023,3월,3일,23033039,판매관리비,기타판관비,기타판관비,본사,1570775
140,20230314,2023,3월,14일,23033040,판매관리비,기타판관비,기타판관비,본사,1990500
141,20230317,2023,3월,17일,23033041,판매관리비,기타판관비,기타판관비,본사,892435
142,20230318,2023,3월,18일,23033042,판매관리비,기타판관비,기타판관비,본사,841930
143,20230311,2023,3월,11일,23034043,영외수지,영업외수익,영업외수익,본사,1314613
144,20230315,2023,3월,15일,23034044,영외수지,영업외수익,영업외수익,본사,548154
145,20230320,2023,3월,20일,23034045,영외수지,영업외수익,영업외수익,본사,1446637
146,20230326,2023,3월,26일,23034046,영외수지,영업외수익,영업외수익,본사,1329342
147,20230301,2023,3월,1일,23034047,영외수지,영업외손실,영업외손실,본사,931990
148,20230307,2023,3월,7일,23034048,영외수지,영업외손실,영업외손실,본사,902754
149,20230316,2023,3월,16일,23034049,영외수지,영업외손실,영업외손실,본사,780301
150,20230319,2023,3월,19일,23034050,영외수지,영업외손실,영업외손실,본사,1451118
151,20230401,2023,4월,1일,23041001,매출액,매출액,매출액,본사,9630859
152,20230402,2023,4월,2일,23041002,매출액,매출액,매출액,본사,12399784
153,20230404,2023,4월,4일,23041003,매출액,매출액,매출액,본사,12882844
154,20230405,2023,4월,5일,23041004,매출액,매출액,매출액,본사,14348873
155,20230407,2023,4월,7일,23041005,매출액,매출액,매출액,본사,12336485
156,20230411,2023,4월,11일,23041006,매출액,매출액,매출액,본사,8998380
157,20230412,2023,4월,12일,23041007,매출액,매출액,매출액,본사,15044216
158,20230414,2023,4월,14일,23041008,매출액,매출액,매출액,본사,11809733
159,20230415,2023,4월,15일,23041009,매출액,매출액,매출액,본사,8688831
160,20230419,2023,4월,19일,23041010,매출액,매출액,매출액,본사,11301124
161,20230406,2023,4월,6일,23042011,매출원가,제조인건비,제조인건비,본사,1712208
162,20230413,2023,4월,13일,23042012,매출원가,제조인건비,제조인건비,본사,3304960
163,20230418,2023,4월,18일,23042013,매출원가,제조인건비,제조인건비,본사,3800814
164,20230426,2023,4월,26일,23042014,매출원가,제조인건비,제조인건비,본사,2453797
165,20230416,2023,4월,16일,23042015,매출원가,재료비,재료비,본사,7471164
166,20230417,2023,4월,17일,23042016,매출원가,재료비,재료비,본사,12876128
167,20230423,2023,4월,23일,23042017,매출원가,재료비,재료비,본사,12275513
168,20230424,2023,4월,24일,23042018,매출원가,재료비,재료비,본사,15142521
169,20230401,2023,4월,1일,23042019,매출원가,제조경비,제조경비,본사,3129920
170,20230402,2023,4월,2일,23042020,매출원가,제조경비,제조경비,본사,2592349
171,20230405,2023,4월,5일,23042021,매출원가,제조경비,제조경비,본사,1198378
172,20230417,2023,4월,17일,23042022,매출원가,제조경비,제조경비,본사,2614175
173,20230410,2023,4월,10일,23043023,판매관리비,인건비,인건비,본사,1774281
174,20230411,2023,4월,11일,23043024,판매관리비,인건비,인건비,본사,1874849
175,20230420,2023,4월,20일,23043025,판매관리비,인건비,인건비,본사,1386141
176,20230423,2023,4월,23일,23043026,판매관리비,인건비,인건비,본사,2565605
177,20230404,2023,4월,4일,23043027,판매관리비,판촉비,판촉비,본사,1657302
178,20230414,2023,4월,14일,23043028,판매관리비,판촉비,판촉비,본사,2019819
179,20230422,2023,4월,22일,23043029,판매관리비,판촉비,판촉비,본사,1681347
180,20230424,2023,4월,24일,23043030,판매관리비,판촉비,판촉비,본사,2039144
181,20230406,2023,4월,6일,23043031,판매관리비,감가상각비,감가상각비,본사,2147103
182,20230411,2023,4월,11일,23043032,판매관리비,감가상각비,감가상각비,본사,1286073
183,20230417,2023,4월,17일,23043033,판매관리비,감가상각비,감가상각비,본사,1929557
184,20230419,2023,4월,19일,23043034,판매관리비,감가상각비,감가상각비,본사,1117924
185,20230404,2023,4월,4일,23043035,판매관리비,물류비,물류비,본사,970639
186,20230412,2023,4월,12일,23043036,판매관리비,물류비,물류비,본사,1262437
187,20230417,2023,4월,17일,23043037,판매관리비,물류비,물류비,본사,1991543
188,20230424,2023,4월,24일,23043038,판매관리비,물류비,물류비,본사,1846193
189,20230405,2023,4월,5일,23043039,판매관리비,기타판관비,기타판관비,본사,903817
190,20230410,2023,4월,10일,23043040,판매관리비,기타판관비,기타판관비,본사,1986944
191,20230412,2023,4월,12일,23043041,판매관리비,기타판관비,기타판관비,본사,1576163
192,20230422,2023,4월,22일,23043042,판매관리비,기타판관비,기타판관비,본사,1204671
193,20230403,2023,4월,3일,23044043,영외수지,영업외수익,영업외수익,본사,969572
194,20230408,2023,4월,8일,23044044,영외수지,영업외수익,영업외수익,본사,623261
195,20230418,2023,4월,18일,23044045,영외수지,영업외수익,영업외수익,본사,731021
196,20230422,2023,4월,22일,23044046,영외수지,영업외수익,영업외수익,본사,762517
197,20230401,2023,4월,1일,23044047,영외수지,영업외손실,영업외손실,본사,1258377
198,20230404,2023,4월,4일,23044048,영외수지,영업외손실,영업외손실,본사,586912
199,20230409,2023,4월,9일,23044049,영외수지,영업외손실,영업외손실,본사,1367523
200,20230423,2023,4월,23일,23044050,영외수지,영업외손실,영업외손실,본사,1325627
201,20230503,2023,5월,3일,23051001,매출액,매출액,매출액,본사,11482377
202,20230504,2023,5월,4일,23051002,매출액,매출액,매출액,본사,8091183
203,20230506,2023,5월,6일,23051003,매출액,매출액,매출액,본사,16266166
204,20230510,2023,5월,10일,23051004,매출액,매출액,매출액,본사,7413786
205,20230511,2023,5월,11일,23051005,매출액,매출액,매출액,본사,10994205
206,20230512,2023,5월,12일,23051006,매출액,매출액,매출액,본사,12958675
207,20230514,2023,5월,14일,23051007,매출액,매출액,매출액,본사,14524902
208,20230515,2023,5월,15일,23051008,매출액,매출액,매출액,본사,14358520
209,20230518,2023,5월,18일,23051009,매출액,매출액,매출액,본사,17128220
210,20230521,2023,5월,21일,23051010,매출액,매출액,매출액,본사,8149067
211,20230501,2023,5월,1일,23052011,매출원가,제조인건비,제조인건비,본사,3057563
212,20230502,2023,5월,2일,23052012,매출원가,제조인건비,제조인건비,본사,2435551
213,20230510,2023,5월,10일,23052013,매출원가,제조인건비,제조인건비,본사,3164204
214,20230512,2023,5월,12일,23052014,매출원가,제조인건비,제조인건비,본사,3158325
215,20230503,2023,5월,3일,23052015,매출원가,재료비,재료비,본사,15081951
216,20230512,2023,5월,12일,23052016,매출원가,재료비,재료비,본사,13668595
217,20230513,2023,5월,13일,23052017,매출원가,재료비,재료비,본사,8476664
218,20230524,2023,5월,24일,23052018,매출원가,재료비,재료비,본사,15108397
219,20230505,2023,5월,5일,23052019,매출원가,제조경비,제조경비,본사,2046604
220,20230513,2023,5월,13일,23052020,매출원가,제조경비,제조경비,본사,2552850
221,20230520,2023,5월,20일,23052021,매출원가,제조경비,제조경비,본사,2632333
222,20230526,2023,5월,26일,23052022,매출원가,제조경비,제조경비,본사,2798120
223,20230506,2023,5월,6일,23053023,판매관리비,인건비,인건비,본사,2780580
224,20230513,2023,5월,13일,23053024,판매관리비,인건비,인건비,본사,1070720
225,20230526,2023,5월,26일,23053025,판매관리비,인건비,인건비,본사,2840889
226,20230528,2023,5월,28일,23053026,판매관리비,인건비,인건비,본사,1108762
227,20230516,2023,5월,16일,23053027,판매관리비,판촉비,판촉비,본사,1144502
228,20230519,2023,5월,19일,23053028,판매관리비,판촉비,판촉비,본사,2444412
229,20230526,2023,5월,26일,23053029,판매관리비,판촉비,판촉비,본사,1478970
230,20230527,2023,5월,27일,23053030,판매관리비,판촉비,판촉비,본사,1927403
231,20230508,2023,5월,8일,23053031,판매관리비,감가상각비,감가상각비,본사,1208846
232,20230510,2023,5월,10일,23053032,판매관리비,감가상각비,감가상각비,본사,2038235
233,20230517,2023,5월,17일,23053033,판매관리비,감가상각비,감가상각비,본사,1739271
234,20230527,2023,5월,27일,23053034,판매관리비,감가상각비,감가상각비,본사,1579215
235,20230506,2023,5월,6일,23053035,판매관리비,물류비,물류비,본사,1349057
236,20230509,2023,5월,9일,23053036,판매관리비,물류비,물류비,본사,1330725
237,20230518,2023,5월,18일,23053037,판매관리비,물류비,물류비,본사,1751059
238,20230526,2023,5월,26일,23053038,판매관리비,물류비,물류비,본사,1398971
239,20230513,2023,5월,13일,23053039,판매관리비,기타판관비,기타판관비,본사,954538
240,20230515,2023,5월,15일,23053040,판매관리비,기타판관비,기타판관비,본사,885048
241,20230517,2023,5월,17일,23053041,판매관리비,기타판관비,기타판관비,본사,1835428
242,20230521,2023,5월,21일,23053042,판매관리비,기타판관비,기타판관비,본사,2127333
243,20230511,2023,5월,11일,23054043,영외수지,영업외수익,영업외수익,본사,1114876
244,20230520,2023,5월,20일,23054044,영외수지,영업외수익,영업외수익,본사,1110603
245,20230522,2023,5월,22일,23054045,영외수지,영업외수익,영업외수익,본사,630492
246,20230524,2023,5월,24일,23054046,영외수지,영업외수익,영업외수익,본사,1407885
247,20230502,2023,5월,2일,23054047,영외수지,영업외손실,영업외손실,본사,1018992
248,20230511,2023,5월,11일,23054048,영외수지,영업외손실,영업외손실,본사,1008432
249,20230516,2023,5월,16일,23054049,영외수지,영업외손실,영업외손실,본사,2009027
250,20230519,2023,5월,19일,23054050,영외수지,영업외손실,영업외손실,본사,960892
251,20230604,2023,6월,4일,23061001,매출액,매출액,매출액,본사,13708295
252,20230609,2023,6월,9일,23061002,매출액,매출액,매출액,본사,6909162
253,20230610,2023,6월,10일,23061003,매출액,매출액,매출액,본사,12904909
254,20230612,2023,6월,12일,23061004,매출액,매출액,매출액,본사,16191100
255,20230614,2023,6월,14일,23061005,매출액,매출액,매출액,본사,15236858
256,20230615,2023,6월,15일,23061006,매출액,매출액,매출액,본사,8910991
257,20230617,2023,6월,17일,23061007,매출액,매출액,매출액,본사,17357221
258,20230624,2023,6월,24일,23061008,매출액,매출액,매출액,본사,8532899
259,20230625,2023,6월,25일,23061009,매출액,매출액,매출액,본사,13360951
260,20230626,2023,6월,26일,23061010,매출액,매출액,매출액,본사,12078665
261,20230607,2023,6월,7일,23062011,매출원가,제조인건비,제조인건비,본사,3784946
262,20230621,2023,6월,21일,23062012,매출원가,제조인건비,제조인건비,본사,1737573
263,20230622,2023,6월,22일,23062013,매출원가,제조인건비,제조인건비,본사,3279618
264,20230626,2023,6월,26일,23062014,매출원가,제조인건비,제조인건비,본사,2503961
265,20230601,2023,6월,1일,23062015,매출원가,재료비,재료비,본사,18751273
266,20230616,2023,6월,16일,23062016,매출원가,재료비,재료비,본사,12761048
267,20230621,2023,6월,21일,23062017,매출원가,재료비,재료비,본사,17422272
268,20230626,2023,6월,26일,23062018,매출원가,재료비,재료비,본사,8016283
269,20230607,2023,6월,7일,23062019,매출원가,제조경비,제조경비,본사,2727897
270,20230608,2023,6월,8일,23062020,매출원가,제조경비,제조경비,본사,2134422
271,20230610,2023,6월,10일,23062021,매출원가,제조경비,제조경비,본사,3089777
272,20230626,2023,6월,26일,23062022,매출원가,제조경비,제조경비,본사,2904683
273,20230607,2023,6월,7일,23063023,판매관리비,인건비,인건비,본사,2142151
274,20230609,2023,6월,9일,23063024,판매관리비,인건비,인건비,본사,2108336
275,20230614,2023,6월,14일,23063025,판매관리비,인건비,인건비,본사,2162603
276,20230625,2023,6월,25일,23063026,판매관리비,인건비,인건비,본사,1741631
277,20230611,2023,6월,11일,23063027,판매관리비,판촉비,판촉비,본사,1222423
278,20230617,2023,6월,17일,23063028,판매관리비,판촉비,판촉비,본사,1831854
279,20230619,2023,6월,19일,23063029,판매관리비,판촉비,판촉비,본사,2396928
280,20230625,2023,6월,25일,23063030,판매관리비,판촉비,판촉비,본사,1181811
281,20230612,2023,6월,12일,23063031,판매관리비,감가상각비,감가상각비,본사,1769859
282,20230621,2023,6월,21일,23063032,판매관리비,감가상각비,감가상각비,본사,2212793
283,20230625,2023,6월,25일,23063033,판매관리비,감가상각비,감가상각비,본사,1698499
284,20230626,2023,6월,26일,23063034,판매관리비,감가상각비,감가상각비,본사,890688
285,20230602,2023,6월,2일,23063035,판매관리비,물류비,물류비,본사,2548614
286,20230605,2023,6월,5일,23063036,판매관리비,물류비,물류비,본사,1085427
287,20230617,2023,6월,17일,23063037,판매관리비,물류비,물류비,본사,1232986
288,20230623,2023,6월,23일,23063038,판매관리비,물류비,물류비,본사,1240065
289,20230604,2023,6월,4일,23063039,판매관리비,기타판관비,기타판관비,본사,1254422
290,20230609,2023,6월,9일,23063040,판매관리비,기타판관비,기타판관비,본사,1476735
291,20230615,2023,6월,15일,23063041,판매관리비,기타판관비,기타판관비,본사,1162617
292,20230628,2023,6월,28일,23063042,판매관리비,기타판관비,기타판관비,본사,1496861
293,20230601,2023,6월,1일,23064043,영외수지,영업외수익,영업외수익,본사,783635
294,20230605,2023,6월,5일,23064044,영외수지,영업외수익,영업외수익,본사,1017997
295,20230616,2023,6월,16일,23064045,영외수지,영업외수익,영업외수익,본사,492483
296,20230618,2023,6월,18일,23064046,영외수지,영업외수익,영업외수익,본사,840377
297,20230606,2023,6월,6일,23064047,영외수지,영업외손실,영업외손실,본사,1277356
298,20230616,2023,6월,16일,23064048,영외수지,영업외손실,영업외손실,본사,920922
299,20230620,2023,6월,20일,23064049,영외수지,영업외손실,영업외손실,본사,1093813
300,20230625,2023,6월,25일,23064050,영외수지,영업외손실,영업외손실,본사,1042130
301,20230702,2023,7월,2일,23071001,매출액,매출액,매출액,본사,19312572
302,20230704,2023,7월,4일,23071002,매출액,매출액,매출액,본사,9861919
303,20230705,2023,7월,5일,23071003,매출액,매출액,매출액,본사,13803453
304,20230706,2023,7월,6일,23071004,매출액,매출액,매출액,본사,20284712
305,20230707,2023,7월,7일,23071005,매출액,매출액,매출액,본사,9924085
306,20230713,2023,7월,13일,23071006,매출액,매출액,매출액,본사,11673518
307,20230714,2023,7월,14일,23071007,매출액,매출액,매출액,본사,9894641
308,20230715,2023,7월,15일,23071008,매출액,매출액,매출액,본사,16419618
309,20230723,2023,7월,23일,23071009,매출액,매출액,매출액,본사,8786359
310,20230726,2023,7월,26일,23071010,매출액,매출액,매출액,본사,12285505
311,20230705,2023,7월,5일,23072011,매출원가,제조인건비,제조인건비,본사,2757514
312,20230707,2023,7월,7일,23072012,매출원가,제조인건비,제조인건비,본사,4557343
313,20230709,2023,7월,9일,23072013,매출원가,제조인건비,제조인건비,본사,3402899
314,20230724,2023,7월,24일,23072014,매출원가,제조인건비,제조인건비,본사,2416972
315,20230702,2023,7월,2일,23072015,매출원가,재료비,재료비,본사,20049471
316,20230708,2023,7월,8일,23072016,매출원가,재료비,재료비,본사,11172129
317,20230709,2023,7월,9일,23072017,매출원가,재료비,재료비,본사,18880513
318,20230710,2023,7월,10일,23072018,매출원가,재료비,재료비,본사,12424331
319,20230711,2023,7월,11일,23072019,매출원가,제조경비,제조경비,본사,2162445
320,20230713,2023,7월,13일,23072020,매출원가,제조경비,제조경비,본사,3009040
321,20230724,2023,7월,24일,23072021,매출원가,제조경비,제조경비,본사,2369472
322,20230727,2023,7월,27일,23072022,매출원가,제조경비,제조경비,본사,3190218
323,20230701,2023,7월,1일,23073023,판매관리비,인건비,인건비,본사,2605196
324,20230705,2023,7월,5일,23073024,판매관리비,인건비,인건비,본사,1864428
325,20230719,2023,7월,19일,23073025,판매관리비,인건비,인건비,본사,1130014
326,20230727,2023,7월,27일,23073026,판매관리비,인건비,인건비,본사,2087139
327,20230705,2023,7월,5일,23073027,판매관리비,판촉비,판촉비,본사,1401077
328,20230719,2023,7월,19일,23073028,판매관리비,판촉비,판촉비,본사,1834508
329,20230720,2023,7월,20일,23073029,판매관리비,판촉비,판촉비,본사,1435292
330,20230725,2023,7월,25일,23073030,판매관리비,판촉비,판촉비,본사,2255932
331,20230701,2023,7월,1일,23073031,판매관리비,감가상각비,감가상각비,본사,1421258
332,20230705,2023,7월,5일,23073032,판매관리비,감가상각비,감가상각비,본사,889609
333,20230713,2023,7월,13일,23073033,판매관리비,감가상각비,감가상각비,본사,2033079
334,20230726,2023,7월,26일,23073034,판매관리비,감가상각비,감가상각비,본사,2183335
335,20230708,2023,7월,8일,23073035,판매관리비,물류비,물류비,본사,1124144
336,20230714,2023,7월,14일,23073036,판매관리비,물류비,물류비,본사,971413
337,20230718,2023,7월,18일,23073037,판매관리비,물류비,물류비,본사,1715940
338,20230728,2023,7월,28일,23073038,판매관리비,물류비,물류비,본사,2089267
339,20230710,2023,7월,10일,23073039,판매관리비,기타판관비,기타판관비,본사,1670186
340,20230711,2023,7월,11일,23073040,판매관리비,기타판관비,기타판관비,본사,941592
341,20230718,2023,7월,18일,23073041,판매관리비,기타판관비,기타판관비,본사,1254490
342,20230724,2023,7월,24일,23073042,판매관리비,기타판관비,기타판관비,본사,1677076
343,20230701,2023,7월,1일,23074043,영외수지,영업외수익,영업외수익,본사,1176089
344,20230702,2023,7월,2일,23074044,영외수지,영업외수익,영업외수익,본사,927223
345,20230719,2023,7월,19일,23074045,영외수지,영업외수익,영업외수익,본사,1556504
346,20230721,2023,7월,21일,23074046,영외수지,영업외수익,영업외수익,본사,921929
347,20230702,2023,7월,2일,23074047,영외수지,영업외손실,영업외손실,본사,664529
348,20230704,2023,7월,4일,23074048,영외수지,영업외손실,영업외손실,본사,1079844
349,20230722,2023,7월,22일,23074049,영외수지,영업외손실,영업외손실,본사,968035
350,20230725,2023,7월,25일,23074050,영외수지,영업외손실,영업외손실,본사,1136717
351,20230805,2023,8월,5일,23081001,매출액,매출액,매출액,본사,6918806
352,20230807,2023,8월,7일,23081002,매출액,매출액,매출액,본사,16655006
353,20230809,2023,8월,9일,23081003,매출액,매출액,매출액,본사,15562667
354,20230811,2023,8월,11일,23081004,매출액,매출액,매출액,본사,18740013
355,20230813,2023,8월,13일,23081005,매출액,매출액,매출액,본사,9540499
356,20230816,2023,8월,16일,23081006,매출액,매출액,매출액,본사,14037973
357,20230817,2023,8월,17일,23081007,매출액,매출액,매출액,본사,15511106
358,20230823,2023,8월,23일,23081008,매출액,매출액,매출액,본사,15711498
359,20230825,2023,8월,25일,23081009,매출액,매출액,매출액,본사,8227927
360,20230828,2023,8월,28일,23081010,매출액,매출액,매출액,본사,9840395
361,20230807,2023,8월,7일,23082011,매출원가,제조인건비,제조인건비,본사,4119242
362,20230818,2023,8월,18일,23082012,매출원가,제조인건비,제조인건비,본사,3338809
363,20230823,2023,8월,23일,23082013,매출원가,제조인건비,제조인건비,본사,3142072
364,20230828,2023,8월,28일,23082014,매출원가,제조인건비,제조인건비,본사,2266040
365,20230805,2023,8월,5일,23082015,매출원가,재료비,재료비,본사,26102362
366,20230806,2023,8월,6일,23082016,매출원가,재료비,재료비,본사,16374098
367,20230815,2023,8월,15일,23082017,매출원가,재료비,재료비,본사,10467251
368,20230828,2023,8월,28일,23082018,매출원가,재료비,재료비,본사,11625724
369,20230808,2023,8월,8일,23082019,매출원가,제조경비,제조경비,본사,1493229
370,20230813,2023,8월,13일,23082020,매출원가,제조경비,제조경비,본사,3406563
371,20230816,2023,8월,16일,23082021,매출원가,제조경비,제조경비,본사,3608693
372,20230820,2023,8월,20일,23082022,매출원가,제조경비,제조경비,본사,3075031
373,20230803,2023,8월,3일,23083023,판매관리비,인건비,인건비,본사,2314128
374,20230808,2023,8월,8일,23083024,판매관리비,인건비,인건비,본사,2445302
375,20230824,2023,8월,24일,23083025,판매관리비,인건비,인건비,본사,1408559
376,20230825,2023,8월,25일,23083026,판매관리비,인건비,인건비,본사,1934385
377,20230804,2023,8월,4일,23083027,판매관리비,판촉비,판촉비,본사,1648905
378,20230814,2023,8월,14일,23083028,판매관리비,판촉비,판촉비,본사,1826875
379,20230820,2023,8월,20일,23083029,판매관리비,판촉비,판촉비,본사,2044447
380,20230821,2023,8월,21일,23083030,판매관리비,판촉비,판촉비,본사,1635830
381,20230808,2023,8월,8일,23083031,판매관리비,감가상각비,감가상각비,본사,1064036
382,20230813,2023,8월,13일,23083032,판매관리비,감가상각비,감가상각비,본사,2092447
383,20230820,2023,8월,20일,23083033,판매관리비,감가상각비,감가상각비,본사,2019512
384,20230826,2023,8월,26일,23083034,판매관리비,감가상각비,감가상각비,본사,1352321
385,20230815,2023,8월,15일,23083035,판매관리비,물류비,물류비,본사,1289332
386,20230819,2023,8월,19일,23083036,판매관리비,물류비,물류비,본사,1474193
387,20230821,2023,8월,21일,23083037,판매관리비,물류비,물류비,본사,1538674
388,20230826,2023,8월,26일,23083038,판매관리비,물류비,물류비,본사,1815984
389,20230806,2023,8월,6일,23083039,판매관리비,기타판관비,기타판관비,본사,1900361
390,20230811,2023,8월,11일,23083040,판매관리비,기타판관비,기타판관비,본사,1427777
391,20230813,2023,8월,13일,23083041,판매관리비,기타판관비,기타판관비,본사,1361891
392,20230822,2023,8월,22일,23083042,판매관리비,기타판관비,기타판관비,본사,941713
393,20230805,2023,8월,5일,23084043,영외수지,영업외수익,영업외수익,본사,844239
394,20230807,2023,8월,7일,23084044,영외수지,영업외수익,영업외수익,본사,1661780
395,20230817,2023,8월,17일,23084045,영외수지,영업외수익,영업외수익,본사,1284902
396,20230824,2023,8월,24일,23084046,영외수지,영업외수익,영업외수익,본사,672611
397,20230810,2023,8월,10일,23084047,영외수지,영업외손실,영업외손실,본사,854622
398,20230813,2023,8월,13일,23084048,영외수지,영업외손실,영업외손실,본사,657924
399,20230820,2023,8월,20일,23084049,영외수지,영업외손실,영업외손실,본사,690656
400,20230826,2023,8월,26일,23084050,영외수지,영업외손실,영업외손실,본사,645246
401,20230902,2023,9월,2일,23091001,매출액,매출액,매출액,본사,9213584
402,20230903,2023,9월,3일,23091002,매출액,매출액,매출액,본사,16997929
403,20230909,2023,9월,9일,23091003,매출액,매출액,매출액,본사,7575977
404,20230911,2023,9월,11일,23091004,매출액,매출액,매출액,본사,16725281
405,20230913,2023,9월,13일,23091005,매출액,매출액,매출액,본사,15545879
406,20230914,2023,9월,14일,23091006,매출액,매출액,매출액,본사,7343805
407,20230916,2023,9월,16일,23091007,매출액,매출액,매출액,본사,16374179
408,20230920,2023,9월,20일,23091008,매출액,매출액,매출액,본사,17610867
409,20230923,2023,9월,23일,23091009,매출액,매출액,매출액,본사,16827952
410,20230924,2023,9월,24일,23091010,매출액,매출액,매출액,본사,10945151
411,20230903,2023,9월,3일,23092011,매출원가,제조인건비,제조인건비,본사,4517717
412,20230908,2023,9월,8일,23092012,매출원가,제조인건비,제조인건비,본사,2933559
413,20230919,2023,9월,19일,23092013,매출원가,제조인건비,제조인건비,본사,2531052
414,20230921,2023,9월,21일,23092014,매출원가,제조인건비,제조인건비,본사,3052546
415,20230904,2023,9월,4일,23092015,매출원가,재료비,재료비,본사,10262788
416,20230906,2023,9월,6일,23092016,매출원가,재료비,재료비,본사,21571272
417,20230909,2023,9월,9일,23092017,매출원가,재료비,재료비,본사,24825427
418,20230911,2023,9월,11일,23092018,매출원가,재료비,재료비,본사,12108997
419,20230911,2023,9월,11일,23092019,매출원가,제조경비,제조경비,본사,2495193
420,20230913,2023,9월,13일,23092020,매출원가,제조경비,제조경비,본사,2230370
421,20230919,2023,9월,19일,23092021,매출원가,제조경비,제조경비,본사,3546985
422,20230920,2023,9월,20일,23092022,매출원가,제조경비,제조경비,본사,3293336
423,20230901,2023,9월,1일,23093023,판매관리비,인건비,인건비,본사,2837163
424,20230902,2023,9월,2일,23093024,판매관리비,인건비,인건비,본사,1501008
425,20230904,2023,9월,4일,23093025,판매관리비,인건비,인건비,본사,2439044
426,20230928,2023,9월,28일,23093026,판매관리비,인건비,인건비,본사,1521657
427,20230905,2023,9월,5일,23093027,판매관리비,판촉비,판촉비,본사,1151631
428,20230913,2023,9월,13일,23093028,판매관리비,판촉비,판촉비,본사,2097402
429,20230920,2023,9월,20일,23093029,판매관리비,판촉비,판촉비,본사,2124536
430,20230923,2023,9월,23일,23093030,판매관리비,판촉비,판촉비,본사,2053250
431,20230901,2023,9월,1일,23093031,판매관리비,감가상각비,감가상각비,본사,1394221
432,20230922,2023,9월,22일,23093032,판매관리비,감가상각비,감가상각비,본사,2428343
433,20230923,2023,9월,23일,23093033,판매관리비,감가상각비,감가상각비,본사,999834
434,20230924,2023,9월,24일,23093034,판매관리비,감가상각비,감가상각비,본사,1685638
435,20230903,2023,9월,3일,23093035,판매관리비,물류비,물류비,본사,1800168
436,20230909,2023,9월,9일,23093036,판매관리비,물류비,물류비,본사,1538604
437,20230915,2023,9월,15일,23093037,판매관리비,물류비,물류비,본사,1626342
438,20230924,2023,9월,24일,23093038,판매관리비,물류비,물류비,본사,1235535
439,20230901,2023,9월,1일,23093039,판매관리비,기타판관비,기타판관비,본사,1892043
440,20230904,2023,9월,4일,23093040,판매관리비,기타판관비,기타판관비,본사,1030485
441,20230906,2023,9월,6일,23093041,판매관리비,기타판관비,기타판관비,본사,1090698
442,20230908,2023,9월,8일,23093042,판매관리비,기타판관비,기타판관비,본사,1217924
443,20230915,2023,9월,15일,23094043,영외수지,영업외수익,영업외수익,본사,575535
444,20230919,2023,9월,19일,23094044,영외수지,영업외수익,영업외수익,본사,814861
445,20230923,2023,9월,23일,23094045,영외수지,영업외수익,영업외수익,본사,638801
446,20230927,2023,9월,27일,23094046,영외수지,영업외수익,영업외수익,본사,812844
447,20230908,2023,9월,8일,23094047,영외수지,영업외손실,영업외손실,본사,819126
448,20230914,2023,9월,14일,23094048,영외수지,영업외손실,영업외손실,본사,1316001
449,20230916,2023,9월,16일,23094049,영외수지,영업외손실,영업외손실,본사,1360654
450,20230918,2023,9월,18일,23094050,영외수지,영업외손실,영업외손실,본사,1390603
451,20231001,2023,10월,1일,23101001,매출액,매출액,매출액,본사,13035736
452,20231002,2023,10월,2일,23101002,매출액,매출액,매출액,본사,13404862
453,20231008,2023,10월,8일,23101003,매출액,매출액,매출액,본사,17512947
454,20231009,2023,10월,9일,23101004,매출액,매출액,매출액,본사,13129969
455,20231013,2023,10월,13일,23101005,매출액,매출액,매출액,본사,15998029
456,20231014,2023,10월,14일,23101006,매출액,매출액,매출액,본사,11450198
457,20231016,2023,10월,16일,23101007,매출액,매출액,매출액,본사,14666053
458,20231023,2023,10월,23일,23101008,매출액,매출액,매출액,본사,17371362
459,20231024,2023,10월,24일,23101009,매출액,매출액,매출액,본사,10125446
460,20231025,2023,10월,25일,23101010,매출액,매출액,매출액,본사,19435643
461,20231004,2023,10월,4일,23102011,매출원가,제조인건비,제조인건비,본사,3556253
462,20231011,2023,10월,11일,23102012,매출원가,제조인건비,제조인건비,본사,2364796
463,20231019,2023,10월,19일,23102013,매출원가,제조인건비,제조인건비,본사,4150604
464,20231025,2023,10월,25일,23102014,매출원가,제조인건비,제조인건비,본사,3714314
465,20231018,2023,10월,18일,23102015,매출원가,재료비,재료비,본사,16369260
466,20231023,2023,10월,23일,23102016,매출원가,재료비,재료비,본사,30672497
467,20231025,2023,10월,25일,23102017,매출원가,재료비,재료비,본사,18374119
468,20231028,2023,10월,28일,23102018,매출원가,재료비,재료비,본사,14751086
469,20231008,2023,10월,8일,23102019,매출원가,제조경비,제조경비,본사,3892731
470,20231009,2023,10월,9일,23102020,매출원가,제조경비,제조경비,본사,3585408
471,20231013,2023,10월,13일,23102021,매출원가,제조경비,제조경비,본사,2754846
472,20231022,2023,10월,22일,23102022,매출원가,제조경비,제조경비,본사,2159778
473,20231001,2023,10월,1일,23103023,판매관리비,인건비,인건비,본사,2905990
474,20231009,2023,10월,9일,23103024,판매관리비,인건비,인건비,본사,1693254
475,20231017,2023,10월,17일,23103025,판매관리비,인건비,인건비,본사,1370083
476,20231022,2023,10월,22일,23103026,판매관리비,인건비,인건비,본사,1962069
477,20231004,2023,10월,4일,23103027,판매관리비,판촉비,판촉비,본사,2365662
478,20231015,2023,10월,15일,23103028,판매관리비,판촉비,판촉비,본사,1891348
479,20231018,2023,10월,18일,23103029,판매관리비,판촉비,판촉비,본사,891837
480,20231021,2023,10월,21일,23103030,판매관리비,판촉비,판촉비,본사,2351679
481,20231009,2023,10월,9일,23103031,판매관리비,감가상각비,감가상각비,본사,986857
482,20231010,2023,10월,10일,23103032,판매관리비,감가상각비,감가상각비,본사,1801289
483,20231018,2023,10월,18일,23103033,판매관리비,감가상각비,감가상각비,본사,2286941
484,20231024,2023,10월,24일,23103034,판매관리비,감가상각비,감가상각비,본사,1504222
485,20231006,2023,10월,6일,23103035,판매관리비,물류비,물류비,본사,1822251
486,20231010,2023,10월,10일,23103036,판매관리비,물류비,물류비,본사,756907
487,20231013,2023,10월,13일,23103037,판매관리비,물류비,물류비,본사,1485757
488,20231014,2023,10월,14일,23103038,판매관리비,물류비,물류비,본사,2105135
489,20231001,2023,10월,1일,23103039,판매관리비,기타판관비,기타판관비,본사,1184878
490,20231010,2023,10월,10일,23103040,판매관리비,기타판관비,기타판관비,본사,1392917
491,20231021,2023,10월,21일,23103041,판매관리비,기타판관비,기타판관비,본사,1070155
492,20231025,2023,10월,25일,23103042,판매관리비,기타판관비,기타판관비,본사,1578660
493,20231004,2023,10월,4일,23104043,영외수지,영업외수익,영업외수익,본사,1370093
494,20231023,2023,10월,23일,23104044,영외수지,영업외수익,영업외수익,본사,1485672
495,20231025,2023,10월,25일,23104045,영외수지,영업외수익,영업외수익,본사,1190365
496,20231026,2023,10월,26일,23104046,영외수지,영업외수익,영업외수익,본사,528521
497,20231007,2023,10월,7일,23104047,영외수지,영업외손실,영업외손실,본사,1661525
498,20231010,2023,10월,10일,23104048,영외수지,영업외손실,영업외손실,본사,978049
499,20231018,2023,10월,18일,23104049,영외수지,영업외손실,영업외손실,본사,692116
500,20231028,2023,10월,28일,23104050,영외수지,영업외손실,영업외손실,본사,1271446
501,20231101,2023,11월,1일,23111001,매출액,매출액,매출액,본사,18202360
502,20231106,2023,11월,6일,23111002,매출액,매출액,매출액,본사,21497481
503,20231107,2023,11월,7일,23111003,매출액,매출액,매출액,본사,20801266
504,20231113,2023,11월,13일,23111004,매출액,매출액,매출액,본사,15325160
505,20231116,2023,11월,16일,23111005,매출액,매출액,매출액,본사,9386308
506,20231119,2023,11월,19일,23111006,매출액,매출액,매출액,본사,13280390
507,20231120,2023,11월,20일,23111007,매출액,매출액,매출액,본사,16527775
508,20231123,2023,11월,23일,23111008,매출액,매출액,매출액,본사,14587782
509,20231127,2023,11월,27일,23111009,매출액,매출액,매출액,본사,10897534
510,20231128,2023,11월,28일,23111010,매출액,매출액,매출액,본사,7747099
511,20231108,2023,11월,8일,23112011,매출원가,제조인건비,제조인건비,본사,3457922
512,20231109,2023,11월,9일,23112012,매출원가,제조인건비,제조인건비,본사,4077311
513,20231115,2023,11월,15일,23112013,매출원가,제조인건비,제조인건비,본사,4338324
514,20231121,2023,11월,21일,23112014,매출원가,제조인건비,제조인건비,본사,1742677
515,20231106,2023,11월,6일,23112015,매출원가,재료비,재료비,본사,25424018
516,20231108,2023,11월,8일,23112016,매출원가,재료비,재료비,본사,26485925
517,20231112,2023,11월,12일,23112017,매출원가,재료비,재료비,본사,10489235
518,20231117,2023,11월,17일,23112018,매출원가,재료비,재료비,본사,21466468
519,20231104,2023,11월,4일,23112019,매출원가,제조경비,제조경비,본사,2765114
520,20231108,2023,11월,8일,23112020,매출원가,제조경비,제조경비,본사,3570576
521,20231111,2023,11월,11일,23112021,매출원가,제조경비,제조경비,본사,3406972
522,20231127,2023,11월,27일,23112022,매출원가,제조경비,제조경비,본사,2901147
523,20231104,2023,11월,4일,23113023,판매관리비,인건비,인건비,본사,2812144
524,20231110,2023,11월,10일,23113024,판매관리비,인건비,인건비,본사,1362949
525,20231115,2023,11월,15일,23113025,판매관리비,인건비,인건비,본사,1870367
526,20231122,2023,11월,22일,23113026,판매관리비,인건비,인건비,본사,1606546
527,20231101,2023,11월,1일,23113027,판매관리비,판촉비,판촉비,본사,1151453
528,20231107,2023,11월,7일,23113028,판매관리비,판촉비,판촉비,본사,2366521
529,20231115,2023,11월,15일,23113029,판매관리비,판촉비,판촉비,본사,916835
530,20231125,2023,11월,25일,23113030,판매관리비,판촉비,판촉비,본사,2320255
531,20231112,2023,11월,12일,23113031,판매관리비,감가상각비,감가상각비,본사,1436381
532,20231120,2023,11월,20일,23113032,판매관리비,감가상각비,감가상각비,본사,2172537
533,20231121,2023,11월,21일,23113033,판매관리비,감가상각비,감가상각비,본사,767523
534,20231126,2023,11월,26일,23113034,판매관리비,감가상각비,감가상각비,본사,2188492
535,20231110,2023,11월,10일,23113035,판매관리비,물류비,물류비,본사,6030726
536,20231111,2023,11월,11일,23113036,판매관리비,물류비,물류비,본사,4432453
537,20231124,2023,11월,24일,23113037,판매관리비,물류비,물류비,본사,7524860
538,20231128,2023,11월,28일,23113038,판매관리비,물류비,물류비,본사,3541493
539,20231116,2023,11월,16일,23113039,판매관리비,기타판관비,기타판관비,본사,1118524
540,20231119,2023,11월,19일,23113040,판매관리비,기타판관비,기타판관비,본사,2152417
541,20231124,2023,11월,24일,23113041,판매관리비,기타판관비,기타판관비,본사,1296994
542,20231126,2023,11월,26일,23113042,판매관리비,기타판관비,기타판관비,본사,992855
543,20231113,2023,11월,13일,23114043,영외수지,영업외수익,영업외수익,본사,465773
544,20231118,2023,11월,18일,23114044,영외수지,영업외수익,영업외수익,본사,967120
545,20231123,2023,11월,23일,23114045,영외수지,영업외수익,영업외수익,본사,869694
546,20231127,2023,11월,27일,23114046,영외수지,영업외수익,영업외수익,본사,951077
547,20231101,2023,11월,1일,23114047,영외수지,영업외손실,영업외손실,본사,1528048
548,20231107,2023,11월,7일,23114048,영외수지,영업외손실,영업외손실,본사,754582
549,20231109,2023,11월,9일,23114049,영외수지,영업외손실,영업외손실,본사,1532248
550,20231118,2023,11월,18일,23114050,영외수지,영업외손실,영업외손실,본사,754924
551,20231203,2023,12월,3일,23121001,매출액,매출액,매출액,본사,10226212
552,20231204,2023,12월,4일,23121002,매출액,매출액,매출액,본사,14513899
553,20231205,2023,12월,5일,23121003,매출액,매출액,매출액,본사,12024954
554,20231206,2023,12월,6일,23121004,매출액,매출액,매출액,본사,13499335
555,20231207,2023,12월,7일,23121005,매출액,매출액,매출액,본사,24065261
556,20231210,2023,12월,10일,23121006,매출액,매출액,매출액,본사,22429786
557,20231220,2023,12월,20일,23121007,매출액,매출액,매출액,본사,15257471
558,20231221,2023,12월,21일,23121008,매출액,매출액,매출액,본사,13136506
559,20231222,2023,12월,22일,23121009,매출액,매출액,매출액,본사,21447017
560,20231227,2023,12월,27일,23121010,매출액,매출액,매출액,본사,10755245
561,20231201,2023,12월,1일,23122011,매출원가,제조인건비,제조인건비,본사,5186578
562,20231202,2023,12월,2일,23122012,매출원가,제조인건비,제조인건비,본사,3468588
563,20231210,2023,12월,10일,23122013,매출원가,제조인건비,제조인건비,본사,4254817
564,20231213,2023,12월,13일,23122014,매출원가,제조인건비,제조인건비,본사,2735557
565,20231202,2023,12월,2일,23122015,매출원가,재료비,재료비,본사,29327247
566,20231205,2023,12월,5일,23122016,매출원가,재료비,재료비,본사,22041233
567,20231209,2023,12월,9일,23122017,매출원가,재료비,재료비,본사,18680563
568,20231223,2023,12월,23일,23122018,매출원가,재료비,재료비,본사,20884324
569,20231217,2023,12월,17일,23122019,매출원가,제조경비,제조경비,본사,2172774
570,20231223,2023,12월,23일,23122020,매출원가,제조경비,제조경비,본사,3105505
571,20231225,2023,12월,25일,23122021,매출원가,제조경비,제조경비,본사,3004540
572,20231227,2023,12월,27일,23122022,매출원가,제조경비,제조경비,본사,4471816
573,20231202,2023,12월,2일,23123023,판매관리비,인건비,인건비,본사,1899168
574,20231208,2023,12월,8일,23123024,판매관리비,인건비,인건비,본사,1988814
575,20231212,2023,12월,12일,23123025,판매관리비,인건비,인건비,본사,2935982
576,20231228,2023,12월,28일,23123026,판매관리비,인건비,인건비,본사,1112149
577,20231209,2023,12월,9일,23123027,판매관리비,판촉비,판촉비,본사,2343404
578,20231213,2023,12월,13일,23123028,판매관리비,판촉비,판촉비,본사,2114188
579,20231219,2023,12월,19일,23123029,판매관리비,판촉비,판촉비,본사,1247434
580,20231223,2023,12월,23일,23123030,판매관리비,판촉비,판촉비,본사,1797780
581,20231203,2023,12월,3일,23123031,판매관리비,감가상각비,감가상각비,본사,1280589
582,20231211,2023,12월,11일,23123032,판매관리비,감가상각비,감가상각비,본사,1376169
583,20231219,2023,12월,19일,23123033,판매관리비,감가상각비,감가상각비,본사,2267526
584,20231222,2023,12월,22일,23123034,판매관리비,감가상각비,감가상각비,본사,1598369
585,20231203,2023,12월,3일,23123035,판매관리비,물류비,물류비,본사,1250129
586,20231214,2023,12월,14일,23123036,판매관리비,물류비,물류비,본사,1342889
587,20231216,2023,12월,16일,23123037,판매관리비,물류비,물류비,본사,1936577
588,20231224,2023,12월,24일,23123038,판매관리비,물류비,물류비,본사,1521059
589,20231201,2023,12월,1일,23123039,판매관리비,기타판관비,기타판관비,본사,1232019
590,20231203,2023,12월,3일,23123040,판매관리비,기타판관비,기타판관비,본사,1015493
591,20231208,2023,12월,8일,23123041,판매관리비,기타판관비,기타판관비,본사,1588797
592,20231221,2023,12월,21일,23123042,판매관리비,기타판관비,기타판관비,본사,1800189
593,20231207,2023,12월,7일,23124043,영외수지,영업외수익,영업외수익,본사,475331
594,20231210,2023,12월,10일,23124044,영외수지,영업외수익,영업외수익,본사,1012988
595,20231212,2023,12월,12일,23124045,영외수지,영업외수익,영업외수익,본사,634580
596,20231223,2023,12월,23일,23124046,영외수지,영업외수익,영업외수익,본사,672641
597,20231205,2023,12월,5일,23124047,영외수지,영업외손실,영업외손실,본사,671911
598,20231207,2023,12월,7일,23124048,영외수지,영업외손실,영업외손실,본사,1638456
599,20231220,2023,12월,20일,23124049,영외수지,영업외손실,영업외손실,본사,798039
600,20231224,2023,12월,24일,23124050,영외수지,영업외손실,영업외손실,본사,840193
601,20230105,2023,1월,5일,23011001,매출액,매출액,매출액,폴란드법인,15502277
602,20230109,2023,1월,9일,23011002,매출액,매출액,매출액,폴란드법인,8412383
603,20230110,2023,1월,10일,23011003,매출액,매출액,매출액,폴란드법인,12743226
604,20230113,2023,1월,13일,23011004,매출액,매출액,매출액,폴란드법인,18445085
605,20230116,2023,1월,16일,23011005,매출액,매출액,매출액,폴란드법인,9197897
606,20230117,2023,1월,17일,23011006,매출액,매출액,매출액,폴란드법인,14451590
607,20230121,2023,1월,21일,23011007,매출액,매출액,매출액,폴란드법인,14070745
608,20230123,2023,1월,23일,23011008,매출액,매출액,매출액,폴란드법인,11096867
609,20230125,2023,1월,25일,23011009,매출액,매출액,매출액,폴란드법인,12723032
610,20230127,2023,1월,27일,23011010,매출액,매출액,매출액,폴란드법인,17321096
611,20230108,2023,1월,8일,23012011,매출원가,제조인건비,제조인건비,폴란드법인,4701591
612,20230111,2023,1월,11일,23012012,매출원가,제조인건비,제조인건비,폴란드법인,2737483
613,20230120,2023,1월,20일,23012013,매출원가,제조인건비,제조인건비,폴란드법인,2411038
614,20230125,2023,1월,25일,23012014,매출원가,제조인건비,제조인건비,폴란드법인,3811281
615,20230116,2023,1월,16일,23012015,매출원가,재료비,재료비,폴란드법인,2560663
616,20230118,2023,1월,18일,23012016,매출원가,재료비,재료비,폴란드법인,4463385
617,20230121,2023,1월,21일,23012017,매출원가,재료비,재료비,폴란드법인,3390702
618,20230123,2023,1월,23일,23012018,매출원가,재료비,재료비,폴란드법인,3875286
619,20230103,2023,1월,3일,23012019,매출원가,제조경비,제조경비,폴란드법인,2673896
620,20230108,2023,1월,8일,23012020,매출원가,제조경비,제조경비,폴란드법인,4533466
621,20230115,2023,1월,15일,23012021,매출원가,제조경비,제조경비,폴란드법인,2482347
622,20230121,2023,1월,21일,23012022,매출원가,제조경비,제조경비,폴란드법인,3786589
623,20230108,2023,1월,8일,23013023,판매관리비,인건비,인건비,폴란드법인,1401188
624,20230109,2023,1월,9일,23013024,판매관리비,인건비,인건비,폴란드법인,2106703
625,20230115,2023,1월,15일,23013025,판매관리비,인건비,인건비,폴란드법인,1165859
626,20230119,2023,1월,19일,23013026,판매관리비,인건비,인건비,폴란드법인,1629416
627,20230109,2023,1월,9일,23013027,판매관리비,판촉비,판촉비,폴란드법인,3526362
628,20230113,2023,1월,13일,23013028,판매관리비,판촉비,판촉비,폴란드법인,2472537
629,20230121,2023,1월,21일,23013029,판매관리비,판촉비,판촉비,폴란드법인,2407453
630,20230122,2023,1월,22일,23013030,판매관리비,판촉비,판촉비,폴란드법인,3031047
631,20230101,2023,1월,1일,23013031,판매관리비,감가상각비,감가상각비,폴란드법인,1764796
632,20230103,2023,1월,3일,23013032,판매관리비,감가상각비,감가상각비,폴란드법인,1393101
633,20230115,2023,1월,15일,23013033,판매관리비,감가상각비,감가상각비,폴란드법인,2318263
634,20230118,2023,1월,18일,23013034,판매관리비,감가상각비,감가상각비,폴란드법인,1586852
635,20230105,2023,1월,5일,23013035,판매관리비,물류비,물류비,폴란드법인,2707120
636,20230112,2023,1월,12일,23013036,판매관리비,물류비,물류비,폴란드법인,2140173
637,20230115,2023,1월,15일,23013037,판매관리비,물류비,물류비,폴란드법인,1704382
638,20230124,2023,1월,24일,23013038,판매관리비,물류비,물류비,폴란드법인,1115196
639,20230106,2023,1월,6일,23013039,판매관리비,기타판관비,기타판관비,폴란드법인,1228736
640,20230110,2023,1월,10일,23013040,판매관리비,기타판관비,기타판관비,폴란드법인,1432808
641,20230112,2023,1월,12일,23013041,판매관리비,기타판관비,기타판관비,폴란드법인,1483493
642,20230125,2023,1월,25일,23013042,판매관리비,기타판관비,기타판관비,폴란드법인,1450351
643,20230104,2023,1월,4일,23014043,영외수지,영업외수익,영업외수익,폴란드법인,1052491
644,20230105,2023,1월,5일,23014044,영외수지,영업외수익,영업외수익,폴란드법인,876934
645,20230124,2023,1월,24일,23014045,영외수지,영업외수익,영업외수익,폴란드법인,953947
646,20230125,2023,1월,25일,23014046,영외수지,영업외수익,영업외수익,폴란드법인,1002005
647,20230102,2023,1월,2일,23014047,영외수지,영업외손실,영업외손실,폴란드법인,744696
648,20230106,2023,1월,6일,23014048,영외수지,영업외손실,영업외손실,폴란드법인,952082
649,20230113,2023,1월,13일,23014049,영외수지,영업외손실,영업외손실,폴란드법인,1816852
650,20230115,2023,1월,15일,23014050,영외수지,영업외손실,영업외손실,폴란드법인,818882
651,20230202,2023,2월,2일,23021001,매출액,매출액,매출액,폴란드법인,11991083
652,20230203,2023,2월,3일,23021002,매출액,매출액,매출액,폴란드법인,14771049
653,20230204,2023,2월,4일,23021003,매출액,매출액,매출액,폴란드법인,10910179
654,20230209,2023,2월,9일,23021004,매출액,매출액,매출액,폴란드법인,14001224
655,20230211,2023,2월,11일,23021005,매출액,매출액,매출액,폴란드법인,20040298
656,20230215,2023,2월,15일,23021006,매출액,매출액,매출액,폴란드법인,6999643
657,20230216,2023,2월,16일,23021007,매출액,매출액,매출액,폴란드법인,8560499
658,20230219,2023,2월,19일,23021008,매출액,매출액,매출액,폴란드법인,17214397
659,20230224,2023,2월,24일,23021009,매출액,매출액,매출액,폴란드법인,15012011
660,20230227,2023,2월,27일,23021010,매출액,매출액,매출액,폴란드법인,13172841
661,20230202,2023,2월,2일,23022011,매출원가,제조인건비,제조인건비,폴란드법인,4031978
662,20230214,2023,2월,14일,23022012,매출원가,제조인건비,제조인건비,폴란드법인,2223477
663,20230225,2023,2월,25일,23022013,매출원가,제조인건비,제조인건비,폴란드법인,4673044
664,20230227,2023,2월,27일,23022014,매출원가,제조인건비,제조인건비,폴란드법인,2880013
665,20230216,2023,2월,16일,23022015,매출원가,재료비,재료비,폴란드법인,2845965
666,20230219,2023,2월,19일,23022016,매출원가,재료비,재료비,폴란드법인,2934584
667,20230220,2023,2월,20일,23022017,매출원가,재료비,재료비,폴란드법인,5758605
668,20230221,2023,2월,21일,23022018,매출원가,재료비,재료비,폴란드법인,3523124
669,20230206,2023,2월,6일,23022019,매출원가,제조경비,제조경비,폴란드법인,2525689
670,20230208,2023,2월,8일,23022020,매출원가,제조경비,제조경비,폴란드법인,2926346
671,20230214,2023,2월,14일,23022021,매출원가,제조경비,제조경비,폴란드법인,3677383
672,20230216,2023,2월,16일,23022022,매출원가,제조경비,제조경비,폴란드법인,4749427
673,20230216,2023,2월,16일,23023023,판매관리비,인건비,인건비,폴란드법인,970160
674,20230219,2023,2월,19일,23023024,판매관리비,인건비,인건비,폴란드법인,2091642
675,20230222,2023,2월,22일,23023025,판매관리비,인건비,인건비,폴란드법인,2230859
676,20230225,2023,2월,25일,23023026,판매관리비,인건비,인건비,폴란드법인,1361122
677,20230204,2023,2월,4일,23023027,판매관리비,판촉비,판촉비,폴란드법인,2671563
678,20230217,2023,2월,17일,23023028,판매관리비,판촉비,판촉비,폴란드법인,1393406
679,20230220,2023,2월,20일,23023029,판매관리비,판촉비,판촉비,폴란드법인,3052337
680,20230227,2023,2월,27일,23023030,판매관리비,판촉비,판촉비,폴란드법인,3001008
681,20230206,2023,2월,6일,23023031,판매관리비,감가상각비,감가상각비,폴란드법인,2083610
682,20230209,2023,2월,9일,23023032,판매관리비,감가상각비,감가상각비,폴란드법인,1306083
683,20230215,2023,2월,15일,23023033,판매관리비,감가상각비,감가상각비,폴란드법인,1331116
684,20230222,2023,2월,22일,23023034,판매관리비,감가상각비,감가상각비,폴란드법인,2297346
685,20230206,2023,2월,6일,23023035,판매관리비,물류비,물류비,폴란드법인,2076984
686,20230212,2023,2월,12일,23023036,판매관리비,물류비,물류비,폴란드법인,944506
687,20230214,2023,2월,14일,23023037,판매관리비,물류비,물류비,폴란드법인,1927331
688,20230215,2023,2월,15일,23023038,판매관리비,물류비,물류비,폴란드법인,2516715
689,20230210,2023,2월,10일,23023039,판매관리비,기타판관비,기타판관비,폴란드법인,1520274
690,20230211,2023,2월,11일,23023040,판매관리비,기타판관비,기타판관비,폴란드법인,1869658
691,20230222,2023,2월,22일,23023041,판매관리비,기타판관비,기타판관비,폴란드법인,885626
692,20230225,2023,2월,25일,23023042,판매관리비,기타판관비,기타판관비,폴란드법인,1534064
693,20230202,2023,2월,2일,23024043,영외수지,영업외수익,영업외수익,폴란드법인,446930
694,20230207,2023,2월,7일,23024044,영외수지,영업외수익,영업외수익,폴란드법인,620169
695,20230220,2023,2월,20일,23024045,영외수지,영업외수익,영업외수익,폴란드법인,966838
696,20230224,2023,2월,24일,23024046,영외수지,영업외수익,영업외수익,폴란드법인,1286257
697,20230203,2023,2월,3일,23024047,영외수지,영업외손실,영업외손실,폴란드법인,667699
698,20230207,2023,2월,7일,23024048,영외수지,영업외손실,영업외손실,폴란드법인,859332
699,20230209,2023,2월,9일,23024049,영외수지,영업외손실,영업외손실,폴란드법인,561900
700,20230227,2023,2월,27일,23024050,영외수지,영업외손실,영업외손실,폴란드법인,769120
701,20230302,2023,3월,2일,23031001,매출액,매출액,매출액,폴란드법인,10214361
702,20230306,2023,3월,6일,23031002,매출액,매출액,매출액,폴란드법인,6022017
703,20230311,2023,3월,11일,23031003,매출액,매출액,매출액,폴란드법인,13857177
704,20230313,2023,3월,13일,23031004,매출액,매출액,매출액,폴란드법인,16173974
705,20230315,2023,3월,15일,23031005,매출액,매출액,매출액,폴란드법인,17019100
706,20230316,2023,3월,16일,23031006,매출액,매출액,매출액,폴란드법인,15705733
707,20230317,2023,3월,17일,23031007,매출액,매출액,매출액,폴란드법인,9055568
708,20230320,2023,3월,20일,23031008,매출액,매출액,매출액,폴란드법인,15509501
709,20230321,2023,3월,21일,23031009,매출액,매출액,매출액,폴란드법인,10903044
710,20230323,2023,3월,23일,23031010,매출액,매출액,매출액,폴란드법인,16116641
711,20230305,2023,3월,5일,23032011,매출원가,제조인건비,제조인건비,폴란드법인,2599489
712,20230318,2023,3월,18일,23032012,매출원가,제조인건비,제조인건비,폴란드법인,4507621
713,20230319,2023,3월,19일,23032013,매출원가,제조인건비,제조인건비,폴란드법인,4173581
714,20230321,2023,3월,21일,23032014,매출원가,제조인건비,제조인건비,폴란드법인,2425551
715,20230306,2023,3월,6일,23032015,매출원가,재료비,재료비,폴란드법인,2787435
716,20230307,2023,3월,7일,23032016,매출원가,재료비,재료비,폴란드법인,3507458
717,20230308,2023,3월,8일,23032017,매출원가,재료비,재료비,폴란드법인,3578228
718,20230325,2023,3월,25일,23032018,매출원가,재료비,재료비,폴란드법인,5114204
719,20230311,2023,3월,11일,23032019,매출원가,제조경비,제조경비,폴란드법인,2910580
720,20230319,2023,3월,19일,23032020,매출원가,제조경비,제조경비,폴란드법인,2680300
721,20230320,2023,3월,20일,23032021,매출원가,제조경비,제조경비,폴란드법인,4334629
722,20230324,2023,3월,24일,23032022,매출원가,제조경비,제조경비,폴란드법인,3440599
723,20230305,2023,3월,5일,23033023,판매관리비,인건비,인건비,폴란드법인,1552122
724,20230308,2023,3월,8일,23033024,판매관리비,인건비,인건비,폴란드법인,2418862
725,20230311,2023,3월,11일,23033025,판매관리비,인건비,인건비,폴란드법인,1637699
726,20230323,2023,3월,23일,23033026,판매관리비,인건비,인건비,폴란드법인,1078074
727,20230302,2023,3월,2일,23033027,판매관리비,판촉비,판촉비,폴란드법인,2175653
728,20230305,2023,3월,5일,23033028,판매관리비,판촉비,판촉비,폴란드법인,1527571
729,20230307,2023,3월,7일,23033029,판매관리비,판촉비,판촉비,폴란드법인,2960517
730,20230327,2023,3월,27일,23033030,판매관리비,판촉비,판촉비,폴란드법인,2128443
731,20230311,2023,3월,11일,23033031,판매관리비,감가상각비,감가상각비,폴란드법인,1248669
732,20230312,2023,3월,12일,23033032,판매관리비,감가상각비,감가상각비,폴란드법인,1686039
733,20230320,2023,3월,20일,23033033,판매관리비,감가상각비,감가상각비,폴란드법인,2794144
734,20230328,2023,3월,28일,23033034,판매관리비,감가상각비,감가상각비,폴란드법인,1379997
735,20230303,2023,3월,3일,23033035,판매관리비,물류비,물류비,폴란드법인,1379618
736,20230304,2023,3월,4일,23033036,판매관리비,물류비,물류비,폴란드법인,2223399
737,20230307,2023,3월,7일,23033037,판매관리비,물류비,물류비,폴란드법인,2309983
738,20230321,2023,3월,21일,23033038,판매관리비,물류비,물류비,폴란드법인,1873688
739,20230301,2023,3월,1일,23033039,판매관리비,기타판관비,기타판관비,폴란드법인,1685976
740,20230312,2023,3월,12일,23033040,판매관리비,기타판관비,기타판관비,폴란드법인,940126
741,20230314,2023,3월,14일,23033041,판매관리비,기타판관비,기타판관비,폴란드법인,1879933
742,20230316,2023,3월,16일,23033042,판매관리비,기타판관비,기타판관비,폴란드법인,1289567
743,20230303,2023,3월,3일,23034043,영외수지,영업외수익,영업외수익,폴란드법인,316649
744,20230306,2023,3월,6일,23034044,영외수지,영업외수익,영업외수익,폴란드법인,549806
745,20230324,2023,3월,24일,23034045,영외수지,영업외수익,영업외수익,폴란드법인,807334
746,20230327,2023,3월,27일,23034046,영외수지,영업외수익,영업외수익,폴란드법인,882224
747,20230302,2023,3월,2일,23034047,영외수지,영업외손실,영업외손실,폴란드법인,850052
748,20230312,2023,3월,12일,23034048,영외수지,영업외손실,영업외손실,폴란드법인,1035572
749,20230313,2023,3월,13일,23034049,영외수지,영업외손실,영업외손실,폴란드법인,611307
750,20230318,2023,3월,18일,23034050,영외수지,영업외손실,영업외손실,폴란드법인,651511
751,20230404,2023,4월,4일,23041001,매출액,매출액,매출액,폴란드법인,15164903
752,20230405,2023,4월,5일,23041002,매출액,매출액,매출액,폴란드법인,12091865
753,20230406,2023,4월,6일,23041003,매출액,매출액,매출액,폴란드법인,13816984
754,20230412,2023,4월,12일,23041004,매출액,매출액,매출액,폴란드법인,11593172
755,20230413,2023,4월,13일,23041005,매출액,매출액,매출액,폴란드법인,15909518
756,20230414,2023,4월,14일,23041006,매출액,매출액,매출액,폴란드법인,11528525
757,20230415,2023,4월,15일,23041007,매출액,매출액,매출액,폴란드법인,7069239
758,20230417,2023,4월,17일,23041008,매출액,매출액,매출액,폴란드법인,16653004
759,20230419,2023,4월,19일,23041009,매출액,매출액,매출액,폴란드법인,16867264
760,20230424,2023,4월,24일,23041010,매출액,매출액,매출액,폴란드법인,11151349
761,20230416,2023,4월,16일,23042011,매출원가,제조인건비,제조인건비,폴란드법인,2693151
762,20230420,2023,4월,20일,23042012,매출원가,제조인건비,제조인건비,폴란드법인,3726271
763,20230426,2023,4월,26일,23042013,매출원가,제조인건비,제조인건비,폴란드법인,4770203
764,20230428,2023,4월,28일,23042014,매출원가,제조인건비,제조인건비,폴란드법인,2367799
765,20230402,2023,4월,2일,23042015,매출원가,재료비,재료비,폴란드법인,2843355
766,20230408,2023,4월,8일,23042016,매출원가,재료비,재료비,폴란드법인,4034305
767,20230415,2023,4월,15일,23042017,매출원가,재료비,재료비,폴란드법인,4067474
768,20230422,2023,4월,22일,23042018,매출원가,재료비,재료비,폴란드법인,4055283
769,20230403,2023,4월,3일,23042019,매출원가,제조경비,제조경비,폴란드법인,1932827
770,20230406,2023,4월,6일,23042020,매출원가,제조경비,제조경비,폴란드법인,4343480
771,20230407,2023,4월,7일,23042021,매출원가,제조경비,제조경비,폴란드법인,1953050
772,20230410,2023,4월,10일,23042022,매출원가,제조경비,제조경비,폴란드법인,5311206
773,20230406,2023,4월,6일,23043023,판매관리비,인건비,인건비,폴란드법인,1928671
774,20230407,2023,4월,7일,23043024,판매관리비,인건비,인건비,폴란드법인,735400
775,20230415,2023,4월,15일,23043025,판매관리비,인건비,인건비,폴란드법인,1747191
776,20230418,2023,4월,18일,23043026,판매관리비,인건비,인건비,폴란드법인,1921933
777,20230410,2023,4월,10일,23043027,판매관리비,판촉비,판촉비,폴란드법인,1272648
778,20230413,2023,4월,13일,23043028,판매관리비,판촉비,판촉비,폴란드법인,1727039
779,20230419,2023,4월,19일,23043029,판매관리비,판촉비,판촉비,폴란드법인,2223281
780,20230423,2023,4월,23일,23043030,판매관리비,판촉비,판촉비,폴란드법인,2917776
781,20230410,2023,4월,10일,23043031,판매관리비,감가상각비,감가상각비,폴란드법인,1776566
782,20230412,2023,4월,12일,23043032,판매관리비,감가상각비,감가상각비,폴란드법인,1683954
783,20230417,2023,4월,17일,23043033,판매관리비,감가상각비,감가상각비,폴란드법인,1555128
784,20230426,2023,4월,26일,23043034,판매관리비,감가상각비,감가상각비,폴란드법인,2081604
785,20230411,2023,4월,11일,23043035,판매관리비,물류비,물류비,폴란드법인,1681575
786,20230420,2023,4월,20일,23043036,판매관리비,물류비,물류비,폴란드법인,1784817
787,20230426,2023,4월,26일,23043037,판매관리비,물류비,물류비,폴란드법인,1783659
788,20230428,2023,4월,28일,23043038,판매관리비,물류비,물류비,폴란드법인,1851385
789,20230416,2023,4월,16일,23043039,판매관리비,기타판관비,기타판관비,폴란드법인,2001640
790,20230422,2023,4월,22일,23043040,판매관리비,기타판관비,기타판관비,폴란드법인,883144
791,20230423,2023,4월,23일,23043041,판매관리비,기타판관비,기타판관비,폴란드법인,1488490
792,20230424,2023,4월,24일,23043042,판매관리비,기타판관비,기타판관비,폴란드법인,1731682
793,20230410,2023,4월,10일,23044043,영외수지,영업외수익,영업외수익,폴란드법인,703676
794,20230412,2023,4월,12일,23044044,영외수지,영업외수익,영업외수익,폴란드법인,1149502
795,20230418,2023,4월,18일,23044045,영외수지,영업외수익,영업외수익,폴란드법인,922798
796,20230426,2023,4월,26일,23044046,영외수지,영업외수익,영업외수익,폴란드법인,903288
797,20230411,2023,4월,11일,23044047,영외수지,영업외손실,영업외손실,폴란드법인,899980
798,20230415,2023,4월,15일,23044048,영외수지,영업외손실,영업외손실,폴란드법인,594317
799,20230420,2023,4월,20일,23044049,영외수지,영업외손실,영업외손실,폴란드법인,949271
800,20230424,2023,4월,24일,23044050,영외수지,영업외손실,영업외손실,폴란드법인,454261
801,20230502,2023,5월,2일,23051001,매출액,매출액,매출액,폴란드법인,12424247
802,20230503,2023,5월,3일,23051002,매출액,매출액,매출액,폴란드법인,9289920
803,20230504,2023,5월,4일,23051003,매출액,매출액,매출액,폴란드법인,7563357
804,20230509,2023,5월,9일,23051004,매출액,매출액,매출액,폴란드법인,11089661
805,20230510,2023,5월,10일,23051005,매출액,매출액,매출액,폴란드법인,13485342
806,20230515,2023,5월,15일,23051006,매출액,매출액,매출액,폴란드법인,8985082
807,20230518,2023,5월,18일,23051007,매출액,매출액,매출액,폴란드법인,7783804
808,20230520,2023,5월,20일,23051008,매출액,매출액,매출액,폴란드법인,16998506
809,20230526,2023,5월,26일,23051009,매출액,매출액,매출액,폴란드법인,16506336
810,20230527,2023,5월,27일,23051010,매출액,매출액,매출액,폴란드법인,21729177
811,20230503,2023,5월,3일,23052011,매출원가,제조인건비,제조인건비,폴란드법인,2362913
812,20230504,2023,5월,4일,23052012,매출원가,제조인건비,제조인건비,폴란드법인,5067421
813,20230507,2023,5월,7일,23052013,매출원가,제조인건비,제조인건비,폴란드법인,2905656
814,20230513,2023,5월,13일,23052014,매출원가,제조인건비,제조인건비,폴란드법인,2195493
815,20230511,2023,5월,11일,23052015,매출원가,재료비,재료비,폴란드법인,4018052
816,20230515,2023,5월,15일,23052016,매출원가,재료비,재료비,폴란드법인,2647373
817,20230523,2023,5월,23일,23052017,매출원가,재료비,재료비,폴란드법인,3959271
818,20230525,2023,5월,25일,23052018,매출원가,재료비,재료비,폴란드법인,4126130
819,20230503,2023,5월,3일,23052019,매출원가,제조경비,제조경비,폴란드법인,2476199
820,20230512,2023,5월,12일,23052020,매출원가,제조경비,제조경비,폴란드법인,2819290
821,20230516,2023,5월,16일,23052021,매출원가,제조경비,제조경비,폴란드법인,3632779
822,20230518,2023,5월,18일,23052022,매출원가,제조경비,제조경비,폴란드법인,4173505
823,20230503,2023,5월,3일,23053023,판매관리비,인건비,인건비,폴란드법인,1907479
824,20230504,2023,5월,4일,23053024,판매관리비,인건비,인건비,폴란드법인,2038878
825,20230516,2023,5월,16일,23053025,판매관리비,인건비,인건비,폴란드법인,985073
826,20230523,2023,5월,23일,23053026,판매관리비,인건비,인건비,폴란드법인,1678761
827,20230503,2023,5월,3일,23053027,판매관리비,판촉비,판촉비,폴란드법인,2238040
828,20230509,2023,5월,9일,23053028,판매관리비,판촉비,판촉비,폴란드법인,1689437
829,20230512,2023,5월,12일,23053029,판매관리비,판촉비,판촉비,폴란드법인,1966093
830,20230518,2023,5월,18일,23053030,판매관리비,판촉비,판촉비,폴란드법인,1263008
831,20230518,2023,5월,18일,23053031,판매관리비,감가상각비,감가상각비,폴란드법인,1292757
832,20230519,2023,5월,19일,23053032,판매관리비,감가상각비,감가상각비,폴란드법인,2382223
833,20230523,2023,5월,23일,23053033,판매관리비,감가상각비,감가상각비,폴란드법인,884573
834,20230527,2023,5월,27일,23053034,판매관리비,감가상각비,감가상각비,폴란드법인,2542924
835,20230506,2023,5월,6일,23053035,판매관리비,물류비,물류비,폴란드법인,1422063
836,20230515,2023,5월,15일,23053036,판매관리비,물류비,물류비,폴란드법인,1298581
837,20230521,2023,5월,21일,23053037,판매관리비,물류비,물류비,폴란드법인,2386527
838,20230523,2023,5월,23일,23053038,판매관리비,물류비,물류비,폴란드법인,2513970
839,20230516,2023,5월,16일,23053039,판매관리비,기타판관비,기타판관비,폴란드법인,1654101
840,20230520,2023,5월,20일,23053040,판매관리비,기타판관비,기타판관비,폴란드법인,1613419
841,20230521,2023,5월,21일,23053041,판매관리비,기타판관비,기타판관비,폴란드법인,1227928
842,20230528,2023,5월,28일,23053042,판매관리비,기타판관비,기타판관비,폴란드법인,1054037
843,20230502,2023,5월,2일,23054043,영외수지,영업외수익,영업외수익,폴란드법인,867603
844,20230508,2023,5월,8일,23054044,영외수지,영업외수익,영업외수익,폴란드법인,608421
845,20230512,2023,5월,12일,23054045,영외수지,영업외수익,영업외수익,폴란드법인,631463
846,20230513,2023,5월,13일,23054046,영외수지,영업외수익,영업외수익,폴란드법인,720145
847,20230501,2023,5월,1일,23054047,영외수지,영업외손실,영업외손실,폴란드법인,1207501
848,20230505,2023,5월,5일,23054048,영외수지,영업외손실,영업외손실,폴란드법인,941981
849,20230522,2023,5월,22일,23054049,영외수지,영업외손실,영업외손실,폴란드법인,1122350
850,20230528,2023,5월,28일,23054050,영외수지,영업외손실,영업외손실,폴란드법인,843895
851,20230602,2023,6월,2일,23061001,매출액,매출액,매출액,폴란드법인,14948876
852,20230604,2023,6월,4일,23061002,매출액,매출액,매출액,폴란드법인,10651350
853,20230605,2023,6월,5일,23061003,매출액,매출액,매출액,폴란드법인,7591625
854,20230609,2023,6월,9일,23061004,매출액,매출액,매출액,폴란드법인,13571793
855,20230610,2023,6월,10일,23061005,매출액,매출액,매출액,폴란드법인,12750296
856,20230611,2023,6월,11일,23061006,매출액,매출액,매출액,폴란드법인,11926041
857,20230618,2023,6월,18일,23061007,매출액,매출액,매출액,폴란드법인,11061766
858,20230619,2023,6월,19일,23061008,매출액,매출액,매출액,폴란드법인,7755188
859,20230622,2023,6월,22일,23061009,매출액,매출액,매출액,폴란드법인,19245700
860,20230624,2023,6월,24일,23061010,매출액,매출액,매출액,폴란드법인,12473859
861,20230611,2023,6월,11일,23062011,매출원가,제조인건비,제조인건비,폴란드법인,2494791
862,20230615,2023,6월,15일,23062012,매출원가,제조인건비,제조인건비,폴란드법인,2337291
863,20230626,2023,6월,26일,23062013,매출원가,제조인건비,제조인건비,폴란드법인,2531544
864,20230627,2023,6월,27일,23062014,매출원가,제조인건비,제조인건비,폴란드법인,4315607
865,20230612,2023,6월,12일,23062015,매출원가,재료비,재료비,폴란드법인,3319626
866,20230621,2023,6월,21일,23062016,매출원가,재료비,재료비,폴란드법인,4959248
867,20230624,2023,6월,24일,23062017,매출원가,재료비,재료비,폴란드법인,2904923
868,20230628,2023,6월,28일,23062018,매출원가,재료비,재료비,폴란드법인,3394877
869,20230603,2023,6월,3일,23062019,매출원가,제조경비,제조경비,폴란드법인,3350399
870,20230615,2023,6월,15일,23062020,매출원가,제조경비,제조경비,폴란드법인,3078541
871,20230626,2023,6월,26일,23062021,매출원가,제조경비,제조경비,폴란드법인,3621010
872,20230627,2023,6월,27일,23062022,매출원가,제조경비,제조경비,폴란드법인,2457529
873,20230601,2023,6월,1일,23063023,판매관리비,인건비,인건비,폴란드법인,1726749
874,20230602,2023,6월,2일,23063024,판매관리비,인건비,인건비,폴란드법인,2154316
875,20230615,2023,6월,15일,23063025,판매관리비,인건비,인건비,폴란드법인,2033884
876,20230624,2023,6월,24일,23063026,판매관리비,인건비,인건비,폴란드법인,900754
877,20230604,2023,6월,4일,23063027,판매관리비,판촉비,판촉비,폴란드법인,1323408
878,20230606,2023,6월,6일,23063028,판매관리비,판촉비,판촉비,폴란드법인,1679526
879,20230615,2023,6월,15일,23063029,판매관리비,판촉비,판촉비,폴란드법인,1620944
880,20230619,2023,6월,19일,23063030,판매관리비,판촉비,판촉비,폴란드법인,1774100
881,20230608,2023,6월,8일,23063031,판매관리비,감가상각비,감가상각비,폴란드법인,1754183
882,20230609,2023,6월,9일,23063032,판매관리비,감가상각비,감가상각비,폴란드법인,1839091
883,20230619,2023,6월,19일,23063033,판매관리비,감가상각비,감가상각비,폴란드법인,1840640
884,20230621,2023,6월,21일,23063034,판매관리비,감가상각비,감가상각비,폴란드법인,1703269
885,20230604,2023,6월,4일,23063035,판매관리비,물류비,물류비,폴란드법인,1771727
886,20230606,2023,6월,6일,23063036,판매관리비,물류비,물류비,폴란드법인,2263060
887,20230610,2023,6월,10일,23063037,판매관리비,물류비,물류비,폴란드법인,1490274
888,20230620,2023,6월,20일,23063038,판매관리비,물류비,물류비,폴란드법인,2024991
889,20230601,2023,6월,1일,23063039,판매관리비,기타판관비,기타판관비,폴란드법인,1046997
890,20230612,2023,6월,12일,23063040,판매관리비,기타판관비,기타판관비,폴란드법인,1883232
891,20230615,2023,6월,15일,23063041,판매관리비,기타판관비,기타판관비,폴란드법인,1137530
892,20230616,2023,6월,16일,23063042,판매관리비,기타판관비,기타판관비,폴란드법인,2325007
893,20230605,2023,6월,5일,23064043,영외수지,영업외수익,영업외수익,폴란드법인,1235882
894,20230609,2023,6월,9일,23064044,영외수지,영업외수익,영업외수익,폴란드법인,998072
895,20230616,2023,6월,16일,23064045,영외수지,영업외수익,영업외수익,폴란드법인,838186
896,20230626,2023,6월,26일,23064046,영외수지,영업외수익,영업외수익,폴란드법인,854782
897,20230612,2023,6월,12일,23064047,영외수지,영업외손실,영업외손실,폴란드법인,643915
898,20230617,2023,6월,17일,23064048,영외수지,영업외손실,영업외손실,폴란드법인,702823
899,20230620,2023,6월,20일,23064049,영외수지,영업외손실,영업외손실,폴란드법인,879980
900,20230622,2023,6월,22일,23064050,영외수지,영업외손실,영업외손실,폴란드법인,684812
901,20230701,2023,7월,1일,23071001,매출액,매출액,매출액,폴란드법인,15022886
902,20230706,2023,7월,6일,23071002,매출액,매출액,매출액,폴란드법인,15528832
903,20230709,2023,7월,9일,23071003,매출액,매출액,매출액,폴란드법인,11332213
904,20230712,2023,7월,12일,23071004,매출액,매출액,매출액,폴란드법인,10578706
905,20230714,2023,7월,14일,23071005,매출액,매출액,매출액,폴란드법인,9745161
906,20230721,2023,7월,21일,23071006,매출액,매출액,매출액,폴란드법인,12382503
907,20230722,2023,7월,22일,23071007,매출액,매출액,매출액,폴란드법인,14562772
908,20230723,2023,7월,23일,23071008,매출액,매출액,매출액,폴란드법인,11109986
909,20230726,2023,7월,26일,23071009,매출액,매출액,매출액,폴란드법인,6161342
910,20230728,2023,7월,28일,23071010,매출액,매출액,매출액,폴란드법인,16110691
911,20230701,2023,7월,1일,23072011,매출원가,제조인건비,제조인건비,폴란드법인,2419027
912,20230705,2023,7월,5일,23072012,매출원가,제조인건비,제조인건비,폴란드법인,3546383
913,20230707,2023,7월,7일,23072013,매출원가,제조인건비,제조인건비,폴란드법인,3289445
914,20230708,2023,7월,8일,23072014,매출원가,제조인건비,제조인건비,폴란드법인,3225321
915,20230701,2023,7월,1일,23072015,매출원가,재료비,재료비,폴란드법인,3143555
916,20230702,2023,7월,2일,23072016,매출원가,재료비,재료비,폴란드법인,3464188
917,20230714,2023,7월,14일,23072017,매출원가,재료비,재료비,폴란드법인,4380257
918,20230718,2023,7월,18일,23072018,매출원가,재료비,재료비,폴란드법인,3638630
919,20230701,2023,7월,1일,23072019,매출원가,제조경비,제조경비,폴란드법인,4764759
920,20230705,2023,7월,5일,23072020,매출원가,제조경비,제조경비,폴란드법인,2903818
921,20230716,2023,7월,16일,23072021,매출원가,제조경비,제조경비,폴란드법인,1999291
922,20230718,2023,7월,18일,23072022,매출원가,제조경비,제조경비,폴란드법인,2865787
923,20230704,2023,7월,4일,23073023,판매관리비,인건비,인건비,폴란드법인,1485817
924,20230705,2023,7월,5일,23073024,판매관리비,인건비,인건비,폴란드법인,1220040
925,20230714,2023,7월,14일,23073025,판매관리비,인건비,인건비,폴란드법인,1320141
926,20230725,2023,7월,25일,23073026,판매관리비,인건비,인건비,폴란드법인,2189289
927,20230701,2023,7월,1일,23073027,판매관리비,판촉비,판촉비,폴란드법인,956609
928,20230720,2023,7월,20일,23073028,판매관리비,판촉비,판촉비,폴란드법인,799182
929,20230724,2023,7월,24일,23073029,판매관리비,판촉비,판촉비,폴란드법인,1681847
930,20230726,2023,7월,26일,23073030,판매관리비,판촉비,판촉비,폴란드법인,1724696
931,20230706,2023,7월,6일,23073031,판매관리비,감가상각비,감가상각비,폴란드법인,1025968
932,20230710,2023,7월,10일,23073032,판매관리비,감가상각비,감가상각비,폴란드법인,2061506
933,20230718,2023,7월,18일,23073033,판매관리비,감가상각비,감가상각비,폴란드법인,2040993
934,20230725,2023,7월,25일,23073034,판매관리비,감가상각비,감가상각비,폴란드법인,1987506
935,20230714,2023,7월,14일,23073035,판매관리비,물류비,물류비,폴란드법인,1291691
936,20230717,2023,7월,17일,23073036,판매관리비,물류비,물류비,폴란드법인,1616119
937,20230724,2023,7월,24일,23073037,판매관리비,물류비,물류비,폴란드법인,2126646
938,20230727,2023,7월,27일,23073038,판매관리비,물류비,물류비,폴란드법인,2581835
939,20230713,2023,7월,13일,23073039,판매관리비,기타판관비,기타판관비,폴란드법인,2011297
940,20230718,2023,7월,18일,23073040,판매관리비,기타판관비,기타판관비,폴란드법인,1045614
941,20230725,2023,7월,25일,23073041,판매관리비,기타판관비,기타판관비,폴란드법인,1348006
942,20230727,2023,7월,27일,23073042,판매관리비,기타판관비,기타판관비,폴란드법인,1846062
943,20230712,2023,7월,12일,23074043,영외수지,영업외수익,영업외수익,폴란드법인,757953
944,20230713,2023,7월,13일,23074044,영외수지,영업외수익,영업외수익,폴란드법인,938041
945,20230717,2023,7월,17일,23074045,영외수지,영업외수익,영업외수익,폴란드법인,596350
946,20230719,2023,7월,19일,23074046,영외수지,영업외수익,영업외수익,폴란드법인,527922
947,20230713,2023,7월,13일,23074047,영외수지,영업외손실,영업외손실,폴란드법인,1153465
948,20230719,2023,7월,19일,23074048,영외수지,영업외손실,영업외손실,폴란드법인,635484
949,20230724,2023,7월,24일,23074049,영외수지,영업외손실,영업외손실,폴란드법인,1073758
950,20230728,2023,7월,28일,23074050,영외수지,영업외손실,영업외손실,폴란드법인,1425497
951,20230803,2023,8월,3일,23081001,매출액,매출액,매출액,폴란드법인,16198058
952,20230805,2023,8월,5일,23081002,매출액,매출액,매출액,폴란드법인,7844242
953,20230812,2023,8월,12일,23081003,매출액,매출액,매출액,폴란드법인,7819319
954,20230813,2023,8월,13일,23081004,매출액,매출액,매출액,폴란드법인,8937400
955,20230818,2023,8월,18일,23081005,매출액,매출액,매출액,폴란드법인,12032924
956,20230819,2023,8월,19일,23081006,매출액,매출액,매출액,폴란드법인,13378089
957,20230820,2023,8월,20일,23081007,매출액,매출액,매출액,폴란드법인,13362412
958,20230823,2023,8월,23일,23081008,매출액,매출액,매출액,폴란드법인,8736729
959,20230826,2023,8월,26일,23081009,매출액,매출액,매출액,폴란드법인,13138071
960,20230828,2023,8월,28일,23081010,매출액,매출액,매출액,폴란드법인,17339511
961,20230806,2023,8월,6일,23082011,매출원가,제조인건비,제조인건비,폴란드법인,1887278
962,20230817,2023,8월,17일,23082012,매출원가,제조인건비,제조인건비,폴란드법인,4231001
963,20230818,2023,8월,18일,23082013,매출원가,제조인건비,제조인건비,폴란드법인,3401790
964,20230824,2023,8월,24일,23082014,매출원가,제조인건비,제조인건비,폴란드법인,2936697
965,20230805,2023,8월,5일,23082015,매출원가,재료비,재료비,폴란드법인,5121892
966,20230807,2023,8월,7일,23082016,매출원가,재료비,재료비,폴란드법인,3471186
967,20230811,2023,8월,11일,23082017,매출원가,재료비,재료비,폴란드법인,2328176
968,20230815,2023,8월,15일,23082018,매출원가,재료비,재료비,폴란드법인,2551496
969,20230801,2023,8월,1일,23082019,매출원가,제조경비,제조경비,폴란드법인,2263303
970,20230802,2023,8월,2일,23082020,매출원가,제조경비,제조경비,폴란드법인,1964937
971,20230821,2023,8월,21일,23082021,매출원가,제조경비,제조경비,폴란드법인,3473969
972,20230823,2023,8월,23일,23082022,매출원가,제조경비,제조경비,폴란드법인,3792395
973,20230807,2023,8월,7일,23083023,판매관리비,인건비,인건비,폴란드법인,1214973
974,20230808,2023,8월,8일,23083024,판매관리비,인건비,인건비,폴란드법인,2666714
975,20230814,2023,8월,14일,23083025,판매관리비,인건비,인건비,폴란드법인,1515522
976,20230819,2023,8월,19일,23083026,판매관리비,인건비,인건비,폴란드법인,960592
977,20230811,2023,8월,11일,23083027,판매관리비,판촉비,판촉비,폴란드법인,884069
978,20230812,2023,8월,12일,23083028,판매관리비,판촉비,판촉비,폴란드법인,698024
979,20230817,2023,8월,17일,23083029,판매관리비,판촉비,판촉비,폴란드법인,1574459
980,20230823,2023,8월,23일,23083030,판매관리비,판촉비,판촉비,폴란드법인,1264424
981,20230802,2023,8월,2일,23083031,판매관리비,감가상각비,감가상각비,폴란드법인,1527312
982,20230810,2023,8월,10일,23083032,판매관리비,감가상각비,감가상각비,폴란드법인,1650655
983,20230812,2023,8월,12일,23083033,판매관리비,감가상각비,감가상각비,폴란드법인,2195790
984,20230822,2023,8월,22일,23083034,판매관리비,감가상각비,감가상각비,폴란드법인,1564367
985,20230809,2023,8월,9일,23083035,판매관리비,물류비,물류비,폴란드법인,1551996
986,20230817,2023,8월,17일,23083036,판매관리비,물류비,물류비,폴란드법인,1569892
987,20230823,2023,8월,23일,23083037,판매관리비,물류비,물류비,폴란드법인,1745628
988,20230825,2023,8월,25일,23083038,판매관리비,물류비,물류비,폴란드법인,2637895
989,20230801,2023,8월,1일,23083039,판매관리비,기타판관비,기타판관비,폴란드법인,1526024
990,20230802,2023,8월,2일,23083040,판매관리비,기타판관비,기타판관비,폴란드법인,1543987
991,20230814,2023,8월,14일,23083041,판매관리비,기타판관비,기타판관비,폴란드법인,1580982
992,20230821,2023,8월,21일,23083042,판매관리비,기타판관비,기타판관비,폴란드법인,1810825
993,20230802,2023,8월,2일,23084043,영외수지,영업외수익,영업외수익,폴란드법인,1347264
994,20230812,2023,8월,12일,23084044,영외수지,영업외수익,영업외수익,폴란드법인,603406
995,20230822,2023,8월,22일,23084045,영외수지,영업외수익,영업외수익,폴란드법인,980624
996,20230827,2023,8월,27일,23084046,영외수지,영업외수익,영업외수익,폴란드법인,1346702
997,20230810,2023,8월,10일,23084047,영외수지,영업외손실,영업외손실,폴란드법인,1783115
998,20230811,2023,8월,11일,23084048,영외수지,영업외손실,영업외손실,폴란드법인,1009707
999,20230823,2023,8월,23일,23084049,영외수지,영업외손실,영업외손실,폴란드법인,1059604
1000,20230827,2023,8월,27일,23084050,영외수지,영업외손실,영업외손실,폴란드법인,807246
1001,20230905,2023,9월,5일,23091001,매출액,매출액,매출액,폴란드법인,12758504
1002,20230906,2023,9월,6일,23091002,매출액,매출액,매출액,폴란드법인,7787741
1003,20230907,2023,9월,7일,23091003,매출액,매출액,매출액,폴란드법인,6359743
1004,20230915,2023,9월,15일,23091004,매출액,매출액,매출액,폴란드법인,18295698
1005,20230917,2023,9월,17일,23091005,매출액,매출액,매출액,폴란드법인,10081073
1006,20230918,2023,9월,18일,23091006,매출액,매출액,매출액,폴란드법인,11456282
1007,20230920,2023,9월,20일,23091007,매출액,매출액,매출액,폴란드법인,10879955
1008,20230921,2023,9월,21일,23091008,매출액,매출액,매출액,폴란드법인,10608638
1009,20230925,2023,9월,25일,23091009,매출액,매출액,매출액,폴란드법인,10440865
1010,20230927,2023,9월,27일,23091010,매출액,매출액,매출액,폴란드법인,17561156
1011,20230906,2023,9월,6일,23092011,매출원가,제조인건비,제조인건비,폴란드법인,3299569
1012,20230907,2023,9월,7일,23092012,매출원가,제조인건비,제조인건비,폴란드법인,2167427
1013,20230908,2023,9월,8일,23092013,매출원가,제조인건비,제조인건비,폴란드법인,2300907
1014,20230911,2023,9월,11일,23092014,매출원가,제조인건비,제조인건비,폴란드법인,3644811
1015,20230901,2023,9월,1일,23092015,매출원가,재료비,재료비,폴란드법인,4127137
1016,20230918,2023,9월,18일,23092016,매출원가,재료비,재료비,폴란드법인,2806492
1017,20230919,2023,9월,19일,23092017,매출원가,재료비,재료비,폴란드법인,3166095
1018,20230923,2023,9월,23일,23092018,매출원가,재료비,재료비,폴란드법인,4072085
1019,20230912,2023,9월,12일,23092019,매출원가,제조경비,제조경비,폴란드법인,2264858
1020,20230921,2023,9월,21일,23092020,매출원가,제조경비,제조경비,폴란드법인,3540947
1021,20230924,2023,9월,24일,23092021,매출원가,제조경비,제조경비,폴란드법인,2914930
1022,20230926,2023,9월,26일,23092022,매출원가,제조경비,제조경비,폴란드법인,2584019
1023,20230901,2023,9월,1일,23093023,판매관리비,인건비,인건비,폴란드법인,2327206
1024,20230916,2023,9월,16일,23093024,판매관리비,인건비,인건비,폴란드법인,1896228
1025,20230918,2023,9월,18일,23093025,판매관리비,인건비,인건비,폴란드법인,1276918
1026,20230928,2023,9월,28일,23093026,판매관리비,인건비,인건비,폴란드법인,820042
1027,20230903,2023,9월,3일,23093027,판매관리비,판촉비,판촉비,폴란드법인,1157694
1028,20230913,2023,9월,13일,23093028,판매관리비,판촉비,판촉비,폴란드법인,558623
1029,20230919,2023,9월,19일,23093029,판매관리비,판촉비,판촉비,폴란드법인,1049174
1030,20230922,2023,9월,22일,23093030,판매관리비,판촉비,판촉비,폴란드법인,748241
1031,20230908,2023,9월,8일,23093031,판매관리비,감가상각비,감가상각비,폴란드법인,2201150
1032,20230915,2023,9월,15일,23093032,판매관리비,감가상각비,감가상각비,폴란드법인,2066056
1033,20230919,2023,9월,19일,23093033,판매관리비,감가상각비,감가상각비,폴란드법인,1441812
1034,20230922,2023,9월,22일,23093034,판매관리비,감가상각비,감가상각비,폴란드법인,1402263
1035,20230906,2023,9월,6일,23093035,판매관리비,물류비,물류비,폴란드법인,1612897
1036,20230916,2023,9월,16일,23093036,판매관리비,물류비,물류비,폴란드법인,1405627
1037,20230920,2023,9월,20일,23093037,판매관리비,물류비,물류비,폴란드법인,2332830
1038,20230922,2023,9월,22일,23093038,판매관리비,물류비,물류비,폴란드법인,2082494
1039,20230903,2023,9월,3일,23093039,판매관리비,기타판관비,기타판관비,폴란드법인,1599131
1040,20230910,2023,9월,10일,23093040,판매관리비,기타판관비,기타판관비,폴란드법인,1563379
1041,20230917,2023,9월,17일,23093041,판매관리비,기타판관비,기타판관비,폴란드법인,1433577
1042,20230923,2023,9월,23일,23093042,판매관리비,기타판관비,기타판관비,폴란드법인,1197873
1043,20230902,2023,9월,2일,23094043,영외수지,영업외수익,영업외수익,폴란드법인,1157260
1044,20230909,2023,9월,9일,23094044,영외수지,영업외수익,영업외수익,폴란드법인,925322
1045,20230910,2023,9월,10일,23094045,영외수지,영업외수익,영업외수익,폴란드법인,729023
1046,20230925,2023,9월,25일,23094046,영외수지,영업외수익,영업외수익,폴란드법인,1099553
1047,20230908,2023,9월,8일,23094047,영외수지,영업외손실,영업외손실,폴란드법인,657529
1048,20230914,2023,9월,14일,23094048,영외수지,영업외손실,영업외손실,폴란드법인,880087
1049,20230923,2023,9월,23일,23094049,영외수지,영업외손실,영업외손실,폴란드법인,318061
1050,20230925,2023,9월,25일,23094050,영외수지,영업외손실,영업외손실,폴란드법인,888650
1051,20231001,2023,10월,1일,23101001,매출액,매출액,매출액,폴란드법인,10754763
1052,20231002,2023,10월,2일,23101002,매출액,매출액,매출액,폴란드법인,12405155
1053,20231008,2023,10월,8일,23101003,매출액,매출액,매출액,폴란드법인,18287649
1054,20231010,2023,10월,10일,23101004,매출액,매출액,매출액,폴란드법인,18600073
1055,20231014,2023,10월,14일,23101005,매출액,매출액,매출액,폴란드법인,7928146
1056,20231016,2023,10월,16일,23101006,매출액,매출액,매출액,폴란드법인,10778191
1057,20231019,2023,10월,19일,23101007,매출액,매출액,매출액,폴란드법인,7548213
1058,20231021,2023,10월,21일,23101008,매출액,매출액,매출액,폴란드법인,8143816
1059,20231022,2023,10월,22일,23101009,매출액,매출액,매출액,폴란드법인,8375941
1060,20231026,2023,10월,26일,23101010,매출액,매출액,매출액,폴란드법인,11819322
1061,20231008,2023,10월,8일,23102011,매출원가,제조인건비,제조인건비,폴란드법인,4423308
1062,20231009,2023,10월,9일,23102012,매출원가,제조인건비,제조인건비,폴란드법인,2305320
1063,20231021,2023,10월,21일,23102013,매출원가,제조인건비,제조인건비,폴란드법인,1894920
1064,20231023,2023,10월,23일,23102014,매출원가,제조인건비,제조인건비,폴란드법인,3345506
1065,20231007,2023,10월,7일,23102015,매출원가,재료비,재료비,폴란드법인,3732481
1066,20231011,2023,10월,11일,23102016,매출원가,재료비,재료비,폴란드법인,3115116
1067,20231024,2023,10월,24일,23102017,매출원가,재료비,재료비,폴란드법인,4261175
1068,20231025,2023,10월,25일,23102018,매출원가,재료비,재료비,폴란드법인,2827963
1069,20231015,2023,10월,15일,23102019,매출원가,제조경비,제조경비,폴란드법인,4170644
1070,20231017,2023,10월,17일,23102020,매출원가,제조경비,제조경비,폴란드법인,3561414
1071,20231026,2023,10월,26일,23102021,매출원가,제조경비,제조경비,폴란드법인,2329878
1072,20231027,2023,10월,27일,23102022,매출원가,제조경비,제조경비,폴란드법인,1902057
1073,20231004,2023,10월,4일,23103023,판매관리비,인건비,인건비,폴란드법인,1453940
1074,20231005,2023,10월,5일,23103024,판매관리비,인건비,인건비,폴란드법인,1216245
1075,20231017,2023,10월,17일,23103025,판매관리비,인건비,인건비,폴란드법인,2083604
1076,20231028,2023,10월,28일,23103026,판매관리비,인건비,인건비,폴란드법인,1851967
1077,20231005,2023,10월,5일,23103027,판매관리비,판촉비,판촉비,폴란드법인,348816
1078,20231014,2023,10월,14일,23103028,판매관리비,판촉비,판촉비,폴란드법인,731998
1079,20231019,2023,10월,19일,23103029,판매관리비,판촉비,판촉비,폴란드법인,857652
1080,20231022,2023,10월,22일,23103030,판매관리비,판촉비,판촉비,폴란드법인,490290
1081,20231004,2023,10월,4일,23103031,판매관리비,감가상각비,감가상각비,폴란드법인,1646794
1082,20231006,2023,10월,6일,23103032,판매관리비,감가상각비,감가상각비,폴란드법인,2210910
1083,20231017,2023,10월,17일,23103033,판매관리비,감가상각비,감가상각비,폴란드법인,917786
1084,20231026,2023,10월,26일,23103034,판매관리비,감가상각비,감가상각비,폴란드법인,2252045
1085,20231001,2023,10월,1일,23103035,판매관리비,물류비,물류비,폴란드법인,1280044
1086,20231007,2023,10월,7일,23103036,판매관리비,물류비,물류비,폴란드법인,1644645
1087,20231020,2023,10월,20일,23103037,판매관리비,물류비,물류비,폴란드법인,2004972
1088,20231024,2023,10월,24일,23103038,판매관리비,물류비,물류비,폴란드법인,2369064
1089,20231006,2023,10월,6일,23103039,판매관리비,기타판관비,기타판관비,폴란드법인,1594037
1090,20231020,2023,10월,20일,23103040,판매관리비,기타판관비,기타판관비,폴란드법인,965677
1091,20231023,2023,10월,23일,23103041,판매관리비,기타판관비,기타판관비,폴란드법인,1218316
1092,20231026,2023,10월,26일,23103042,판매관리비,기타판관비,기타판관비,폴란드법인,1899112
1093,20231011,2023,10월,11일,23104043,영외수지,영업외수익,영업외수익,폴란드법인,1137319
1094,20231016,2023,10월,16일,23104044,영외수지,영업외수익,영업외수익,폴란드법인,1267808
1095,20231018,2023,10월,18일,23104045,영외수지,영업외수익,영업외수익,폴란드법인,460412
1096,20231020,2023,10월,20일,23104046,영외수지,영업외수익,영업외수익,폴란드법인,722146
1097,20231006,2023,10월,6일,23104047,영외수지,영업외손실,영업외손실,폴란드법인,478675
1098,20231014,2023,10월,14일,23104048,영외수지,영업외손실,영업외손실,폴란드법인,1078381
1099,20231016,2023,10월,16일,23104049,영외수지,영업외손실,영업외손실,폴란드법인,1149261
1100,20231019,2023,10월,19일,23104050,영외수지,영업외손실,영업외손실,폴란드법인,476814
1101,20231103,2023,11월,3일,23111001,매출액,매출액,매출액,폴란드법인,14106385
1102,20231104,2023,11월,4일,23111002,매출액,매출액,매출액,폴란드법인,11812281
1103,20231105,2023,11월,5일,23111003,매출액,매출액,매출액,폴란드법인,11508790
1104,20231116,2023,11월,16일,23111004,매출액,매출액,매출액,폴란드법인,13569049
1105,20231118,2023,11월,18일,23111005,매출액,매출액,매출액,폴란드법인,13853481
1106,20231120,2023,11월,20일,23111006,매출액,매출액,매출액,폴란드법인,13498769
1107,20231121,2023,11월,21일,23111007,매출액,매출액,매출액,폴란드법인,8000233
1108,20231122,2023,11월,22일,23111008,매출액,매출액,매출액,폴란드법인,6647261
1109,20231123,2023,11월,23일,23111009,매출액,매출액,매출액,폴란드법인,15172009
1110,20231127,2023,11월,27일,23111010,매출액,매출액,매출액,폴란드법인,6058538
1111,20231101,2023,11월,1일,23112011,매출원가,제조인건비,제조인건비,폴란드법인,2269748
1112,20231103,2023,11월,3일,23112012,매출원가,제조인건비,제조인건비,폴란드법인,5074467
1113,20231108,2023,11월,8일,23112013,매출원가,제조인건비,제조인건비,폴란드법인,2339789
1114,20231127,2023,11월,27일,23112014,매출원가,제조인건비,제조인건비,폴란드법인,2169144
1115,20231104,2023,11월,4일,23112015,매출원가,재료비,재료비,폴란드법인,4559040
1116,20231114,2023,11월,14일,23112016,매출원가,재료비,재료비,폴란드법인,4417138
1117,20231118,2023,11월,18일,23112017,매출원가,재료비,재료비,폴란드법인,1946240
1118,20231127,2023,11월,27일,23112018,매출원가,재료비,재료비,폴란드법인,3063743
1119,20231107,2023,11월,7일,23112019,매출원가,제조경비,제조경비,폴란드법인,2724606
1120,20231110,2023,11월,10일,23112020,매출원가,제조경비,제조경비,폴란드법인,2799881
1121,20231111,2023,11월,11일,23112021,매출원가,제조경비,제조경비,폴란드법인,2304465
1122,20231128,2023,11월,28일,23112022,매출원가,제조경비,제조경비,폴란드법인,3611715
1123,20231112,2023,11월,12일,23113023,판매관리비,인건비,인건비,폴란드법인,1252531
1124,20231117,2023,11월,17일,23113024,판매관리비,인건비,인건비,폴란드법인,2000239
1125,20231119,2023,11월,19일,23113025,판매관리비,인건비,인건비,폴란드법인,2166064
1126,20231123,2023,11월,23일,23113026,판매관리비,인건비,인건비,폴란드법인,834785
1127,20231103,2023,11월,3일,23113027,판매관리비,판촉비,판촉비,폴란드법인,525908
1128,20231104,2023,11월,4일,23113028,판매관리비,판촉비,판촉비,폴란드법인,352434
1129,20231106,2023,11월,6일,23113029,판매관리비,판촉비,판촉비,폴란드법인,287841
1130,20231122,2023,11월,22일,23113030,판매관리비,판촉비,판촉비,폴란드법인,306336
1131,20231104,2023,11월,4일,23113031,판매관리비,감가상각비,감가상각비,폴란드법인,2064057
1132,20231105,2023,11월,5일,23113032,판매관리비,감가상각비,감가상각비,폴란드법인,1987138
1133,20231113,2023,11월,13일,23113033,판매관리비,감가상각비,감가상각비,폴란드법인,1063487
1134,20231120,2023,11월,20일,23113034,판매관리비,감가상각비,감가상각비,폴란드법인,1910290
1135,20231101,2023,11월,1일,23113035,판매관리비,물류비,물류비,폴란드법인,1361661
1136,20231107,2023,11월,7일,23113036,판매관리비,물류비,물류비,폴란드법인,1297798
1137,20231110,2023,11월,10일,23113037,판매관리비,물류비,물류비,폴란드법인,1921632
1138,20231114,2023,11월,14일,23113038,판매관리비,물류비,물류비,폴란드법인,3094133
1139,20231104,2023,11월,4일,23113039,판매관리비,기타판관비,기타판관비,폴란드법인,1442690
1140,20231111,2023,11월,11일,23113040,판매관리비,기타판관비,기타판관비,폴란드법인,1235714
1141,20231124,2023,11월,24일,23113041,판매관리비,기타판관비,기타판관비,폴란드법인,2136891
1142,20231127,2023,11월,27일,23113042,판매관리비,기타판관비,기타판관비,폴란드법인,1382602
1143,20231110,2023,11월,10일,23114043,영외수지,영업외수익,영업외수익,폴란드법인,1136962
1144,20231112,2023,11월,12일,23114044,영외수지,영업외수익,영업외수익,폴란드법인,687670
1145,20231115,2023,11월,15일,23114045,영외수지,영업외수익,영업외수익,폴란드법인,1069147
1146,20231116,2023,11월,16일,23114046,영외수지,영업외수익,영업외수익,폴란드법인,899155
1147,20231111,2023,11월,11일,23114047,영외수지,영업외손실,영업외손실,폴란드법인,1443504
1148,20231115,2023,11월,15일,23114048,영외수지,영업외손실,영업외손실,폴란드법인,1100440
1149,20231118,2023,11월,18일,23114049,영외수지,영업외손실,영업외손실,폴란드법인,834116
1150,20231126,2023,11월,26일,23114050,영외수지,영업외손실,영업외손실,폴란드법인,785166
1151,20231201,2023,12월,1일,23121001,매출액,매출액,매출액,폴란드법인,17331159
1152,20231203,2023,12월,3일,23121002,매출액,매출액,매출액,폴란드법인,12538795
1153,20231207,2023,12월,7일,23121003,매출액,매출액,매출액,폴란드법인,8621204
1154,20231214,2023,12월,14일,23121004,매출액,매출액,매출액,폴란드법인,15562029
1155,20231219,2023,12월,19일,23121005,매출액,매출액,매출액,폴란드법인,11872290
1156,20231220,2023,12월,20일,23121006,매출액,매출액,매출액,폴란드법인,9946898
1157,20231222,2023,12월,22일,23121007,매출액,매출액,매출액,폴란드법인,14485157
1158,20231223,2023,12월,23일,23121008,매출액,매출액,매출액,폴란드법인,8919072
1159,20231224,2023,12월,24일,23121009,매출액,매출액,매출액,폴란드법인,6497492
1160,20231225,2023,12월,25일,23121010,매출액,매출액,매출액,폴란드법인,5903645
1161,20231204,2023,12월,4일,23122011,매출원가,제조인건비,제조인건비,폴란드법인,1922231
1162,20231208,2023,12월,8일,23122012,매출원가,제조인건비,제조인건비,폴란드법인,4555094
1163,20231211,2023,12월,11일,23122013,매출원가,제조인건비,제조인건비,폴란드법인,2238011
1164,20231214,2023,12월,14일,23122014,매출원가,제조인건비,제조인건비,폴란드법인,2481342
1165,20231208,2023,12월,8일,23122015,매출원가,재료비,재료비,폴란드법인,4561844
1166,20231210,2023,12월,10일,23122016,매출원가,재료비,재료비,폴란드법인,2659922
1167,20231221,2023,12월,21일,23122017,매출원가,재료비,재료비,폴란드법인,3678564
1168,20231224,2023,12월,24일,23122018,매출원가,재료비,재료비,폴란드법인,2688140
1169,20231204,2023,12월,4일,23122019,매출원가,제조경비,제조경비,폴란드법인,1675417
1170,20231206,2023,12월,6일,23122020,매출원가,제조경비,제조경비,폴란드법인,3188463
1171,20231212,2023,12월,12일,23122021,매출원가,제조경비,제조경비,폴란드법인,3032327
1172,20231223,2023,12월,23일,23122022,매출원가,제조경비,제조경비,폴란드법인,3624062
1173,20231202,2023,12월,2일,23123023,판매관리비,인건비,인건비,폴란드법인,1521436
1174,20231203,2023,12월,3일,23123024,판매관리비,인건비,인건비,폴란드법인,1376268
1175,20231214,2023,12월,14일,23123025,판매관리비,인건비,인건비,폴란드법인,1800428
1176,20231222,2023,12월,22일,23123026,판매관리비,인건비,인건비,폴란드법인,2073780
1177,20231202,2023,12월,2일,23123027,판매관리비,판촉비,판촉비,폴란드법인,156603
1178,20231215,2023,12월,15일,23123028,판매관리비,판촉비,판촉비,폴란드법인,134763
1179,20231216,2023,12월,16일,23123029,판매관리비,판촉비,판촉비,폴란드법인,153285
1180,20231225,2023,12월,25일,23123030,판매관리비,판촉비,판촉비,폴란드법인,136251
1181,20231206,2023,12월,6일,23123031,판매관리비,감가상각비,감가상각비,폴란드법인,1694643
1182,20231208,2023,12월,8일,23123032,판매관리비,감가상각비,감가상각비,폴란드법인,2013622
1183,20231214,2023,12월,14일,23123033,판매관리비,감가상각비,감가상각비,폴란드법인,1331738
1184,20231222,2023,12월,22일,23123034,판매관리비,감가상각비,감가상각비,폴란드법인,2022976
1185,20231209,2023,12월,9일,23123035,판매관리비,물류비,물류비,폴란드법인,2032970
1186,20231213,2023,12월,13일,23123036,판매관리비,물류비,물류비,폴란드법인,1576254
1187,20231219,2023,12월,19일,23123037,판매관리비,물류비,물류비,폴란드법인,1661666
1188,20231225,2023,12월,25일,23123038,판매관리비,물류비,물류비,폴란드법인,2117998
1189,20231207,2023,12월,7일,23123039,판매관리비,기타판관비,기타판관비,폴란드법인,1285082
1190,20231217,2023,12월,17일,23123040,판매관리비,기타판관비,기타판관비,폴란드법인,996270
1191,20231219,2023,12월,19일,23123041,판매관리비,기타판관비,기타판관비,폴란드법인,2070716
1192,20231226,2023,12월,26일,23123042,판매관리비,기타판관비,기타판관비,폴란드법인,1496403
1193,20231204,2023,12월,4일,23124043,영외수지,영업외수익,영업외수익,폴란드법인,598535
1194,20231220,2023,12월,20일,23124044,영외수지,영업외수익,영업외수익,폴란드법인,735298
1195,20231221,2023,12월,21일,23124045,영외수지,영업외수익,영업외수익,폴란드법인,923610
1196,20231223,2023,12월,23일,23124046,영외수지,영업외수익,영업외수익,폴란드법인,868759
1197,20231205,2023,12월,5일,23124047,영외수지,영업외손실,영업외손실,폴란드법인,413059
1198,20231207,2023,12월,7일,23124048,영외수지,영업외손실,영업외손실,폴란드법인,873856
1199,20231209,2023,12월,9일,23124049,영외수지,영업외손실,영업외손실,폴란드법인,955446
1200,20231210,2023,12월,10일,23124050,영외수지,영업외손실,영업외손실,폴란드법인,691444
